dataset,scenario,details,user,start,end
4,1,r4_1_301.csv,628R3BWZ,2010-01-01 01:05:27,2010-01-01 01:54:27
3,2,r3_2_480.csv,YVVFNOI8,2010-01-01 13:18:26,2010-01-01 15:09:26
4,3,r4_3_245.csv,8V97FG80,2010-01-02 03:44:21,2010-01-02 05:16:21
4,2,r4_2_407.csv,D8GOUEWJ,2010-01-02 06:36:56,2010-01-02 07:55:56
2,3,r2_3_804.csv,FO68BF45,2010-01-03 15:34:04,2010-01-03 15:39:04
4,3,r4_3_410.csv,843CL5XI,2010-01-04 21:28:05,2010-01-04 21:53:05
5,3,r5_3_483.csv,HL8TGO9T,2010-01-06 08:09:38,2010-01-06 10:09:38
2,3,r2_3_82.csv,8IFJ0CAS,2010-01-06 09:11:39,2010-01-06 10:43:39
6,3,r6_3_356.csv,74LMTXJQ,2010-01-06 23:40:57,2010-01-07 00:33:57
5,2,r5_2_214.csv,LXMCFIYU,2010-01-07 03:27:59,2010-01-07 04:51:59
5,2,r5_2_478.csv,32R9MV23,2010-01-07 12:40:38,2010-01-07 14:05:38
6,2,r6_2_515.csv,7VJ5WASY,2010-01-07 23:26:58,2010-01-08 00:35:58
6,2,r6_2_101.csv,IAZEB7N8,2010-01-08 09:01:04,2010-01-08 09:52:04
6,3,r6_3_889.csv,0N9XOW5G,2010-01-08 19:13:54,2010-01-08 20:38:54
5,1,r5_1_571.csv,9PJKRFQC,2010-01-09 08:08:26,2010-01-09 08:48:26
5,3,r5_3_976.csv,2GMQZEWJ,2010-01-11 11:00:14,2010-01-11 12:15:14
3,3,r3_3_275.csv,WX1GH99V,2010-01-12 18:58:31,2010-01-12 19:32:31
6,1,r6_1_939.csv,9NL1R767,2010-01-12 23:54:46,2010-01-13 00:47:46
6,2,r6_2_21.csv,LHPE0M9L,2010-01-13 13:32:25,2010-01-13 15:27:25
6,3,r6_3_14.csv,ZLNVNEWG,2010-01-14 18:26:15,2010-01-14 18:50:15
5,2,r5_2_429.csv,P7DRHIJ4,2010-01-14 19:41:03,2010-01-14 20:39:03
5,3,r5_3_160.csv,YUZP0W8V,2010-01-14 20:53:17,2010-01-14 21:05:17
5,2,r5_2_889.csv,7B4BMOYG,2010-01-15 15:21:10,2010-01-15 15:53:10
6,2,r6_2_36.csv,G19K8921,2010-01-15 21:56:03,2010-01-15 22:12:03
5,3,r5_3_343.csv,656OEI5Y,2010-01-16 00:42:06,2010-01-16 01:15:06
5,3,r5_3_26.csv,9O8GCF2U,2010-01-16 10:22:39,2010-01-16 11:58:39
2,3,r2_3_539.csv,HOAPWWUT,2010-01-16 23:05:57,2010-01-16 23:50:57
4,3,r4_3_857.csv,IZN6E9NK,2010-01-17 07:59:48,2010-01-17 08:38:48
4,2,r4_2_310.csv,1H3SRQKS,2010-01-21 19:34:32,2010-01-21 20:32:32
3,3,r3_3_753.csv,EGBXQEJY,2010-01-22 21:20:11,2010-01-22 21:53:11
5,1,r5_1_691.csv,S71PV2QS,2010-01-24 03:23:41,2010-01-24 05:13:41
4,3,r4_3_420.csv,DK0334IY,2010-01-24 16:03:20,2010-01-24 17:26:20
3,3,r3_3_757.csv,DKYSJ40A,2010-01-24 16:14:24,2010-01-24 17:51:24
5,2,r5_2_145.csv,CCNT9GZ2,2010-01-25 06:01:37,2010-01-25 06:13:37
5,2,r5_2_125.csv,YT4LPMGR,2010-01-25 10:36:07,2010-01-25 12:17:07
6,2,r6_2_320.csv,08OSOTS8,2010-01-27 02:59:02,2010-01-27 03:22:02
4,3,r4_3_418.csv,3WX0ZNOR,2010-01-27 15:57:38,2010-01-27 16:53:38
4,1,r4_1_555.csv,17TSDL4C,2010-01-30 15:27:18,2010-01-30 15:41:18
6,3,r6_3_87.csv,C83PFARB,2010-01-31 10:18:05,2010-01-31 10:44:05
3,2,r3_2_90.csv,SVLK2JDS,2010-02-01 02:59:30,2010-02-01 04:34:30
2,2,r2_2_836.csv,XLZ6ZAOP,2010-02-01 20:35:57,2010-02-01 21:01:57
4,2,r4_2_146.csv,NDBUUQH4,2010-02-02 05:41:54,2010-02-02 05:55:54
3,2,r3_2_701.csv,VIBT8ZJY,2010-02-02 06:47:01,2010-02-02 07:33:01
6,1,r6_1_991.csv,MTU8A1WQ,2010-02-02 22:16:21,2010-02-02 23:18:21
5,1,r5_1_948.csv,TVSBLNNU,2010-02-02 23:31:50,2010-02-03 01:22:50
4,2,r4_2_259.csv,PG6GBPVU,2010-02-03 04:54:33,2010-02-03 06:35:33
5,3,r5_3_545.csv,SVH8VCBU,2010-02-03 23:07:53,2010-02-03 23:26:53
4,1,r4_1_235.csv,MMWZQ3X3,2010-02-05 17:33:36,2010-02-05 18:37:36
3,1,r3_1_348.csv,9KRS5MNX,2010-02-06 03:40:26,2010-02-06 05:23:26
5,3,r5_3_76.csv,D83LXHK5,2010-02-06 05:54:52,2010-02-06 07:36:52
6,2,r6_2_468.csv,SC9DBQ8L,2010-02-06 21:50:08,2010-02-06 22:23:08
2,1,r2_1_495.csv,H6L1Y0M4,2010-02-07 03:34:42,2010-02-07 05:02:42
6,1,r6_1_535.csv,SBI6ZJTR,2010-02-07 14:51:05,2010-02-07 15:17:05
3,2,r3_2_109.csv,P5CZ8KKT,2010-02-07 23:50:32,2010-02-08 01:19:32
3,3,r3_3_367.csv,CGTYUO6H,2010-02-09 10:22:10,2010-02-09 11:05:10
5,2,r5_2_537.csv,X6K0HOSO,2010-02-11 02:38:06,2010-02-11 03:31:06
2,2,r2_2_579.csv,VN5FJET3,2010-02-11 22:48:03,2010-02-11 23:05:03
2,1,r2_1_990.csv,VVQVJK5L,2010-02-11 23:21:27,2010-02-12 01:05:27
5,3,r5_3_938.csv,49XO5JOA,2010-02-12 09:15:08,2010-02-12 10:36:08
3,3,r3_3_903.csv,YGAOMERE,2010-02-12 21:49:22,2010-02-12 22:51:22
5,3,r5_3_994.csv,1OHMX9KA,2010-02-12 22:52:08,2010-02-12 23:31:08
3,3,r3_3_921.csv,EXDZ4LUZ,2010-02-13 00:25:50,2010-02-13 00:31:50
3,3,r3_3_32.csv,SWX6PN8V,2010-02-14 15:44:18,2010-02-14 15:45:18
5,3,r5_3_282.csv,7R8JTF5G,2010-02-14 21:54:54,2010-02-14 22:23:54
5,1,r5_1_615.csv,4EXF6VZ1,2010-02-15 04:20:31,2010-02-15 05:38:31
2,2,r2_2_370.csv,A0BWR4BX,2010-02-15 07:03:12,2010-02-15 08:35:12
5,2,r5_2_368.csv,E9P6XVKJ,2010-02-18 15:25:11,2010-02-18 16:34:11
2,3,r2_3_304.csv,LB8OMBD0,2010-02-19 11:51:05,2010-02-19 12:14:05
6,3,r6_3_124.csv,B3POGX33,2010-02-20 18:12:14,2010-02-20 19:21:14
5,2,r5_2_965.csv,26FGA1QC,2010-02-20 23:48:33,2010-02-20 23:53:33
4,3,r4_3_453.csv,EKTXITL5,2010-02-21 15:50:48,2010-02-21 16:11:48
3,3,r3_3_371.csv,L7FW00KS,2010-02-22 13:06:10,2010-02-22 14:16:10
5,3,r5_3_477.csv,UCTYA4LH,2010-02-23 00:31:53,2010-02-23 02:30:53
6,2,r6_2_393.csv,2GE39HMB,2010-02-23 17:14:46,2010-02-23 17:53:46
4,3,r4_3_804.csv,6DV8NI8P,2010-02-24 20:54:39,2010-02-24 21:48:39
2,1,r2_1_929.csv,M9OABKXE,2010-02-26 04:14:19,2010-02-26 05:43:19
2,1,r2_1_554.csv,FEQ2IAPK,2010-02-26 10:11:10,2010-02-26 11:55:10
6,2,r6_2_788.csv,BOVWKCP2,2010-02-28 07:50:37,2010-02-28 08:24:37
3,1,r3_1_972.csv,6130Y4JP,2010-02-28 09:59:40,2010-02-28 10:01:40
6,2,r6_2_588.csv,GDEJ4KF2,2010-03-01 09:03:54,2010-03-01 09:41:54
3,1,r3_1_523.csv,3BL3Z23M,2010-03-02 06:23:21,2010-03-02 07:20:21
5,3,r5_3_976.csv,29OOYPON,2010-03-02 10:59:24,2010-03-02 11:28:24
4,1,r4_1_856.csv,G8O8Y9WX,2010-03-02 15:36:10,2010-03-02 17:10:10
3,3,r3_3_816.csv,QBGXO0OS,2010-03-02 17:16:19,2010-03-02 18:17:19
4,3,r4_3_956.csv,K7M9YH9H,2010-03-03 19:14:54,2010-03-03 21:07:54
2,3,r2_3_950.csv,DO3J4RKE,2010-03-04 01:23:01,2010-03-04 01:37:01
4,2,r4_2_11.csv,5ZHNI35K,2010-03-04 06:22:12,2010-03-04 06:40:12
2,2,r2_2_31.csv,BNEI2J5Y,2010-03-05 08:04:09,2010-03-05 08:25:09
6,1,r6_1_66.csv,FCXMC7OK,2010-03-05 09:33:54,2010-03-05 10:08:54
3,1,r3_1_138.csv,J6T5K3ZB,2010-03-05 11:55:05,2010-03-05 12:18:05
4,2,r4_2_358.csv,5KCYP16L,2010-03-06 05:27:49,2010-03-06 06:40:49
4,1,r4_1_539.csv,Q7VUD3SN,2010-03-07 02:24:27,2010-03-07 03:24:27
3,1,r3_1_70.csv,KQ2Y9DP3,2010-03-07 16:36:37,2010-03-07 18:10:37
6,1,r6_1_233.csv,C6W13680,2010-03-07 21:51:13,2010-03-07 22:12:13
3,2,r3_2_550.csv,AI89L5I6,2010-03-08 05:07:43,2010-03-08 06:20:43
6,2,r6_2_605.csv,HV4I943N,2010-03-09 01:01:36,2010-03-09 02:45:36
3,1,r3_1_933.csv,U8JR13YI,2010-03-09 03:03:53,2010-03-09 04:29:53
5,3,r5_3_907.csv,4XLL0QUD,2010-03-09 11:28:19,2010-03-09 13:28:19
2,2,r2_2_215.csv,SV07B9GE,2010-03-11 23:10:25,2010-03-12 00:50:25
4,3,r4_3_163.csv,DW2SIO4G,2010-03-12 06:27:42,2010-03-12 07:10:42
2,3,r2_3_867.csv,3HOFQO0P,2010-03-12 21:00:34,2010-03-12 21:50:34
3,3,r3_3_670.csv,7NRHUHFG,2010-03-13 05:38:48,2010-03-13 06:59:48
4,2,r4_2_849.csv,VQ1TX0DM,2010-03-13 23:38:18,2010-03-13 23:57:18
6,2,r6_2_253.csv,GV13Z6H1,2010-03-15 10:24:20,2010-03-15 11:49:20
3,1,r3_1_440.csv,ZDL11VNA,2010-03-18 03:08:37,2010-03-18 04:41:37
2,1,r2_1_977.csv,8QNK7POL,2010-03-19 05:46:00,2010-03-19 06:49:00
4,2,r4_2_575.csv,NQECQ03R,2010-03-19 07:43:20,2010-03-19 08:51:20
5,3,r5_3_447.csv,SH21EWJZ,2010-03-19 19:25:32,2010-03-19 20:58:32
2,1,r2_1_812.csv,LT95L9XL,2010-03-20 12:32:31,2010-03-20 12:43:31
4,3,r4_3_682.csv,KJGDRSJ3,2010-03-21 01:21:18,2010-03-21 01:44:18
6,1,r6_1_303.csv,CAY0DD4X,2010-03-21 11:35:07,2010-03-21 12:28:07
2,1,r2_1_303.csv,TN53V7SG,2010-03-22 02:23:05,2010-03-22 03:31:05
4,1,r4_1_722.csv,2WM9XMAS,2010-03-22 06:45:34,2010-03-22 06:57:34
2,1,r2_1_776.csv,CCZY9N95,2010-03-22 11:08:11,2010-03-22 12:07:11
6,2,r6_2_13.csv,29NQTJVR,2010-03-23 00:10:17,2010-03-23 01:26:17
3,3,r3_3_487.csv,ALVJANJW,2010-03-24 08:30:31,2010-03-24 10:17:31
2,2,r2_2_359.csv,GDVG5CNK,2010-03-24 19:31:46,2010-03-24 21:01:46
2,1,r2_1_133.csv,PZIBTTJ6,2010-03-25 03:09:27,2010-03-25 03:21:27
6,1,r6_1_770.csv,41ZAFB46,2010-03-25 20:35:08,2010-03-25 21:41:08
5,2,r5_2_239.csv,SXEBBAP3,2010-03-26 00:05:26,2010-03-26 01:18:26
2,1,r2_1_999.csv,2KZTVMLN,2010-03-26 23:52:22,2010-03-27 01:35:22
3,3,r3_3_792.csv,R9SUE42U,2010-03-28 14:40:55,2010-03-28 15:55:55
3,3,r3_3_729.csv,UY65F503,2010-03-31 03:57:12,2010-03-31 05:02:12
4,2,r4_2_306.csv,SGF196LG,2010-03-31 05:58:21,2010-03-31 06:54:21
2,3,r2_3_795.csv,F39FSX8A,2010-03-31 06:30:19,2010-03-31 07:39:19
5,2,r5_2_34.csv,P4DPKWB5,2010-03-31 10:29:29,2010-03-31 12:28:29
6,3,r6_3_550.csv,KOQH7XPD,2010-04-01 15:40:42,2010-04-01 17:22:42
3,1,r3_1_401.csv,7BJ16HT4,2010-04-03 14:19:07,2010-04-03 15:49:07
4,2,r4_2_774.csv,6XZK9IZN,2010-04-04 05:42:37,2010-04-04 07:42:37
3,2,r3_2_135.csv,NEBZ3GC6,2010-04-04 05:51:39,2010-04-04 07:05:39
3,2,r3_2_1000.csv,HEPK38G2,2010-04-05 05:38:04,2010-04-05 06:00:04
2,2,r2_2_940.csv,ITWK6OJQ,2010-04-05 10:56:43,2010-04-05 11:24:43
6,3,r6_3_962.csv,8WPHDCRM,2010-04-07 13:19:29,2010-04-07 13:56:29
4,1,r4_1_987.csv,QJI3OJKN,2010-04-08 02:20:43,2010-04-08 02:53:43
4,2,r4_2_195.csv,0GMIAI3E,2010-04-09 05:11:38,2010-04-09 05:22:38
2,1,r2_1_416.csv,J01VUZPK,2010-04-09 07:06:26,2010-04-09 07:51:26
3,3,r3_3_874.csv,BG18ZMQC,2010-04-11 04:48:33,2010-04-11 06:21:33
3,3,r3_3_398.csv,C0CBT6PV,2010-04-12 04:25:52,2010-04-12 05:43:52
6,3,r6_3_360.csv,1YNFAO2V,2010-04-14 09:38:15,2010-04-14 11:02:15
6,1,r6_1_55.csv,MER7DPRG,2010-04-15 19:26:43,2010-04-15 20:35:43
4,1,r4_1_948.csv,LV85ITBT,2010-04-16 12:16:57,2010-04-16 12:38:57
5,2,r5_2_928.csv,4UKQ5M05,2010-04-18 14:57:25,2010-04-18 16:55:25
5,3,r5_3_573.csv,9MWE3UM7,2010-04-20 00:31:36,2010-04-20 00:41:36
6,3,r6_3_605.csv,XLA3JNAC,2010-04-20 01:48:04,2010-04-20 02:16:04
5,1,r5_1_190.csv,VWCIY3K2,2010-04-21 01:06:39,2010-04-21 01:32:39
6,3,r6_3_601.csv,50IZG73O,2010-04-24 23:16:46,2010-04-25 00:53:46
6,2,r6_2_555.csv,QRUM82SB,2010-04-25 12:32:53,2010-04-25 13:57:53
3,3,r3_3_369.csv,88Y8OCE2,2010-04-25 20:59:44,2010-04-25 22:52:44
3,1,r3_1_232.csv,OQZEPKOH,2010-04-26 15:58:10,2010-04-26 16:53:10
4,3,r4_3_109.csv,3U2Q8O4E,2010-04-26 21:24:43,2010-04-26 23:09:43
5,1,r5_1_204.csv,4MFYQ3SW,2010-04-27 05:31:51,2010-04-27 07:25:51
3,1,r3_1_1.csv,V4SB9HS5,2010-04-27 22:04:06,2010-04-27 23:31:06
3,3,r3_3_879.csv,IRUZQFP5,2010-04-28 15:28:00,2010-04-28 15:36:00
2,1,r2_1_534.csv,I647LH06,2010-04-28 18:41:22,2010-04-28 20:13:22
4,2,r4_2_778.csv,DBED8HMV,2010-04-30 22:02:09,2010-04-30 23:30:09
4,1,r4_1_576.csv,DLD5AR4B,2010-05-02 15:13:35,2010-05-02 15:22:35
6,1,r6_1_189.csv,0PNZ3XH7,2010-05-02 15:57:35,2010-05-02 16:06:35
3,3,r3_3_393.csv,47YJ88RS,2010-05-03 08:58:00,2010-05-03 10:56:00
3,3,r3_3_242.csv,8BANISS9,2010-05-03 22:26:53,2010-05-03 23:22:53
2,1,r2_1_693.csv,OLBZ7LA2,2010-05-04 22:12:47,2010-05-04 23:06:47
3,2,r3_2_512.csv,YU2FA7PC,2010-05-06 02:53:35,2010-05-06 03:19:35
3,1,r3_1_185.csv,U4JN7MGR,2010-05-06 05:28:24,2010-05-06 06:23:24
3,3,r3_3_556.csv,DQVEWCYA,2010-05-06 14:50:44,2010-05-06 16:32:44
5,2,r5_2_929.csv,QHT3YK7Q,2010-05-06 16:28:46,2010-05-06 18:21:46
4,1,r4_1_982.csv,Z113T1LS,2010-05-06 19:18:53,2010-05-06 21:15:53
5,1,r5_1_809.csv,8H59S9PR,2010-05-07 14:22:28,2010-05-07 16:12:28
2,3,r2_3_875.csv,OABOGIEG,2010-05-08 01:53:09,2010-05-08 02:54:09
3,3,r3_3_341.csv,9P1751QQ,2010-05-09 03:00:46,2010-05-09 03:13:46
6,3,r6_3_486.csv,R8O36QM4,2010-05-10 05:23:59,2010-05-10 06:52:59
6,2,r6_2_813.csv,SUMKOFKB,2010-05-10 19:01:01,2010-05-10 19:22:01
2,3,r2_3_911.csv,YVTPU9XR,2010-05-11 23:22:51,2010-05-12 00:50:51
6,1,r6_1_356.csv,AO4ZGN7B,2010-05-12 01:13:16,2010-05-12 02:28:16
3,2,r3_2_808.csv,TIET0JMT,2010-05-13 14:55:50,2010-05-13 16:31:50
5,1,r5_1_676.csv,7V1AVU8K,2010-05-14 17:07:25,2010-05-14 19:04:25
4,1,r4_1_42.csv,KQGDKY5I,2010-05-14 21:26:43,2010-05-14 21:36:43
5,3,r5_3_440.csv,1YXKUXOR,2010-05-15 02:12:51,2010-05-15 03:37:51
4,2,r4_2_633.csv,GH2IEC08,2010-05-16 06:30:24,2010-05-16 07:42:24
6,3,r6_3_89.csv,PDC8760P,2010-05-18 03:01:49,2010-05-18 04:51:49
2,2,r2_2_895.csv,SWQ49VDO,2010-05-18 12:26:48,2010-05-18 13:18:48
3,3,r3_3_602.csv,EGHGHFTH,2010-05-19 23:44:42,2010-05-20 01:09:42
3,2,r3_2_806.csv,9AOEFJC2,2010-05-20 19:31:58,2010-05-20 20:37:58
6,3,r6_3_565.csv,A42VX84K,2010-05-22 18:27:29,2010-05-22 18:35:29
6,1,r6_1_902.csv,2SFE0WH4,2010-05-23 06:50:24,2010-05-23 07:07:24
4,1,r4_1_639.csv,GWRY6K92,2010-05-23 23:55:51,2010-05-24 00:53:51
5,2,r5_2_51.csv,KM8EELL0,2010-05-24 23:25:13,2010-05-25 01:19:13
4,2,r4_2_694.csv,9HV2MFN0,2010-05-25 03:04:24,2010-05-25 04:22:24
3,1,r3_1_446.csv,GZN1EO8X,2010-05-25 11:06:49,2010-05-25 11:32:49
2,2,r2_2_32.csv,WS9QIEDX,2010-05-26 17:25:08,2010-05-26 18:38:08
4,3,r4_3_378.csv,FMLCWLO3,2010-05-26 21:34:59,2010-05-26 23:13:59
3,3,r3_3_699.csv,OM5KMCFQ,2010-05-27 06:01:09,2010-05-27 06:15:09
6,2,r6_2_568.csv,XK4ZJJTS,2010-05-28 03:35:53,2010-05-28 04:52:53
3,1,r3_1_612.csv,8MMIPORP,2010-05-28 14:14:06,2010-05-28 14:44:06
5,3,r5_3_714.csv,JW9P72JU,2010-05-29 05:45:57,2010-05-29 06:09:57
6,1,r6_1_840.csv,VJBB3CTS,2010-05-29 10:25:58,2010-05-29 11:26:58
2,3,r2_3_437.csv,06SZCIHV,2010-05-29 17:02:56,2010-05-29 18:44:56
2,1,r2_1_117.csv,PEM1CRWR,2010-05-30 09:05:53,2010-05-30 10:44:53
5,3,r5_3_651.csv,6KPAOGTH,2010-05-31 04:55:59,2010-05-31 06:30:59
5,1,r5_1_660.csv,EA60XXVH,2010-05-31 12:17:40,2010-05-31 13:31:40
4,1,r4_1_990.csv,LPADMTS8,2010-06-01 17:18:55,2010-06-01 18:06:55
4,2,r4_2_709.csv,TDUMV1NB,2010-06-03 00:01:50,2010-06-03 00:48:50
4,2,r4_2_362.csv,I8BHBNJ8,2010-06-03 07:58:06,2010-06-03 08:04:06
6,2,r6_2_70.csv,IFKHCV04,2010-06-03 11:29:17,2010-06-03 11:49:17
6,3,r6_3_380.csv,IYNGE42I,2010-06-04 22:03:55,2010-06-04 23:34:55
3,1,r3_1_101.csv,K4UY7OMU,2010-06-05 09:03:52,2010-06-05 09:05:52
6,1,r6_1_944.csv,5KFT83RA,2010-06-05 09:48:14,2010-06-05 10:40:14
5,2,r5_2_780.csv,5YHLZFOE,2010-06-05 10:27:26,2010-06-05 10:39:26
2,2,r2_2_71.csv,L72FAFZS,2010-06-06 07:00:37,2010-06-06 07:07:37
3,3,r3_3_811.csv,VMYRT1Z0,2010-06-07 20:20:59,2010-06-07 21:11:59
2,1,r2_1_121.csv,RJ391Y34,2010-06-08 19:50:56,2010-06-08 21:45:56
5,3,r5_3_932.csv,YYPDH97T,2010-06-09 07:36:49,2010-06-09 07:48:49
4,3,r4_3_562.csv,BFIGNQM5,2010-06-09 19:33:51,2010-06-09 19:53:51
6,2,r6_2_251.csv,6I7G0NQM,2010-06-10 11:53:37,2010-06-10 13:27:37
2,3,r2_3_837.csv,B3L3Q50X,2010-06-10 19:05:14,2010-06-10 21:05:14
5,1,r5_1_945.csv,115B4U62,2010-06-12 18:17:03,2010-06-12 19:35:03
6,3,r6_3_408.csv,1KF1P9NH,2010-06-14 04:03:11,2010-06-14 05:23:11
5,1,r5_1_691.csv,AQ229TND,2010-06-14 04:32:23,2010-06-14 05:41:23
6,2,r6_2_640.csv,URKVRN1Z,2010-06-14 14:37:16,2010-06-14 15:26:16
2,3,r2_3_666.csv,VLLVHOFR,2010-06-14 18:29:38,2010-06-14 20:25:38
3,1,r3_1_93.csv,X6DDDNWF,2010-06-15 00:49:36,2010-06-15 01:34:36
4,2,r4_2_855.csv,0O66HJT2,2010-06-15 04:12:37,2010-06-15 05:38:37
4,2,r4_2_328.csv,4AVPX26I,2010-06-16 03:50:00,2010-06-16 04:12:00
3,1,r3_1_542.csv,7GU2HG59,2010-06-17 22:11:16,2010-06-17 22:38:16
3,2,r3_2_304.csv,24JXUAIU,2010-06-19 08:53:07,2010-06-19 09:17:07
5,2,r5_2_449.csv,BNFW1T5H,2010-06-19 17:26:12,2010-06-19 17:43:12
5,3,r5_3_455.csv,RNUMDJBE,2010-06-19 21:21:47,2010-06-19 23:11:47
4,3,r4_3_474.csv,9B5HB9JQ,2010-06-20 02:41:06,2010-06-20 04:34:06
5,1,r5_1_410.csv,P3WFN9O8,2010-06-20 04:21:29,2010-06-20 05:39:29
5,1,r5_1_515.csv,JCPUROAX,2010-06-20 15:00:42,2010-06-20 15:40:42
2,1,r2_1_317.csv,9HUX2RM9,2010-06-20 18:16:43,2010-06-20 20:00:43
3,1,r3_1_244.csv,UFRNWV8C,2010-06-21 06:32:18,2010-06-21 07:14:18
6,3,r6_3_847.csv,Y52RA2AG,2010-06-21 16:15:49,2010-06-21 16:23:49
4,2,r4_2_474.csv,NXGZN6GM,2010-06-22 08:52:31,2010-06-22 09:44:31
5,2,r5_2_414.csv,JZGEE7PE,2010-06-23 09:15:34,2010-06-23 10:30:34
4,1,r4_1_950.csv,ELMVCK7M,2010-06-24 13:59:59,2010-06-24 14:29:59
6,3,r6_3_1.csv,03RJTR05,2010-06-24 15:37:17,2010-06-24 16:35:17
5,1,r5_1_829.csv,E4MMJQ43,2010-06-26 16:53:02,2010-06-26 18:00:02
3,1,r3_1_354.csv,VG5IS0Y6,2010-06-27 01:04:26,2010-06-27 01:35:26
5,1,r5_1_481.csv,M2IJ5WJR,2010-06-27 20:37:17,2010-06-27 22:18:17
4,2,r4_2_157.csv,KI1K2HKM,2010-06-28 04:29:00,2010-06-28 05:15:00
4,1,r4_1_871.csv,Z6DHEGVL,2010-06-28 13:21:56,2010-06-28 14:56:56
3,2,r3_2_182.csv,VDHLIT8G,2010-06-28 14:28:03,2010-06-28 15:03:03
4,1,r4_1_811.csv,05O21J98,2010-06-29 08:13:03,2010-06-29 08:36:03
3,1,r3_1_822.csv,6QYGY9O5,2010-06-29 10:56:12,2010-06-29 11:19:12
5,3,r5_3_757.csv,5VY84XP4,2010-06-29 21:19:53,2010-06-29 21:39:53
4,2,r4_2_302.csv,MV94PEJQ,2010-06-30 02:04:09,2010-06-30 03:57:09
5,2,r5_2_770.csv,NUJY77ZA,2010-06-30 06:19:14,2010-06-30 07:26:14
5,1,r5_1_929.csv,XTHIYMZD,2010-06-30 15:22:40,2010-06-30 16:59:40
3,1,r3_1_803.csv,9RKXWA8O,2010-06-30 23:31:19,2010-06-30 23:48:19
2,1,r2_1_837.csv,BANO4IHT,2010-07-01 11:59:31,2010-07-01 12:33:31
6,1,r6_1_495.csv,23YR8ZRZ,2010-07-01 15:03:18,2010-07-01 15:32:18
3,1,r3_1_257.csv,YT62GM4Z,2010-07-03 14:23:42,2010-07-03 16:14:42
3,1,r3_1_196.csv,6B276JB8,2010-07-04 16:06:23,2010-07-04 17:42:23
4,3,r4_3_231.csv,KN3WEMQ9,2010-07-05 23:20:57,2010-07-05 23:37:57
6,3,r6_3_527.csv,ZUBFOGFV,2010-07-06 14:19:03,2010-07-06 14:43:03
3,1,r3_1_93.csv,RN3Y8STY,2010-07-06 23:36:17,2010-07-07 01:24:17
3,2,r3_2_651.csv,Z4AORT6L,2010-07-07 15:38:19,2010-07-07 16:57:19
4,1,r4_1_436.csv,9KCIKL94,2010-07-07 16:35:49,2010-07-07 17:35:49
2,3,r2_3_43.csv,ZE4SL56W,2010-07-08 00:26:33,2010-07-08 01:07:33
2,3,r2_3_22.csv,7T81BQW8,2010-07-08 22:20:19,2010-07-08 23:26:19
5,3,r5_3_281.csv,UB0QULOM,2010-07-11 14:26:22,2010-07-11 15:12:22
6,1,r6_1_134.csv,FV8KYAVA,2010-07-13 07:53:36,2010-07-13 08:54:36
5,1,r5_1_238.csv,R2HU29IZ,2010-07-13 21:15:59,2010-07-13 21:31:59
3,1,r3_1_954.csv,FIN47G5D,2010-07-14 13:13:43,2010-07-14 13:32:43
6,3,r6_3_83.csv,21EI141G,2010-07-14 14:17:08,2010-07-14 16:00:08
4,1,r4_1_988.csv,Y5ABUPHB,2010-07-14 21:06:41,2010-07-14 21:55:41
2,3,r2_3_851.csv,CFC4OQF0,2010-07-14 22:27:18,2010-07-14 23:30:18
4,1,r4_1_153.csv,Q6EBDSRF,2010-07-14 23:46:10,2010-07-15 00:38:10
6,1,r6_1_11.csv,EZB8SIHX,2010-07-15 15:39:24,2010-07-15 16:27:24
5,3,r5_3_174.csv,VSF6HP2Z,2010-07-16 01:00:45,2010-07-16 01:10:45
4,2,r4_2_259.csv,VMGLQ2OT,2010-07-16 08:02:29,2010-07-16 08:19:29
4,3,r4_3_357.csv,R2DHKBUK,2010-07-17 12:40:54,2010-07-17 13:17:54
4,3,r4_3_934.csv,QE1334I5,2010-07-19 19:52:51,2010-07-19 20:03:51
2,1,r2_1_193.csv,7LIZDNEP,2010-07-20 00:44:38,2010-07-20 01:56:38
5,3,r5_3_165.csv,DIN7CGFD,2010-07-21 09:10:09,2010-07-21 10:57:09
6,1,r6_1_461.csv,UO163T1Q,2010-07-21 12:09:54,2010-07-21 13:36:54
4,3,r4_3_482.csv,BQWMC1UY,2010-07-21 21:09:32,2010-07-21 22:54:32
4,2,r4_2_553.csv,RDMJY2GG,2010-07-22 17:03:30,2010-07-22 18:45:30
6,2,r6_2_485.csv,CHLFNIKO,2010-07-22 18:36:37,2010-07-22 20:24:37
6,3,r6_3_76.csv,ZYF3SIL3,2010-07-22 23:55:15,2010-07-23 00:46:15
6,1,r6_1_387.csv,59SM59I1,2010-07-23 08:25:18,2010-07-23 10:12:18
5,1,r5_1_978.csv,ODVW6D6F,2010-07-23 12:12:01,2010-07-23 12:56:01
2,2,r2_2_942.csv,B1Y42BWY,2010-07-25 03:53:58,2010-07-25 05:24:58
2,2,r2_2_515.csv,4K5XNKQY,2010-07-25 08:44:41,2010-07-25 09:48:41
5,2,r5_2_371.csv,NB91XOA2,2010-07-25 12:28:29,2010-07-25 12:52:29
5,3,r5_3_357.csv,IBY6MUX6,2010-07-26 07:35:36,2010-07-26 09:17:36
4,2,r4_2_516.csv,GXN291OZ,2010-07-26 16:33:15,2010-07-26 18:26:15
6,1,r6_1_677.csv,H8TG37QS,2010-07-26 19:17:26,2010-07-26 20:46:26
2,1,r2_1_570.csv,VB1OOG02,2010-07-27 00:28:16,2010-07-27 01:36:16
5,2,r5_2_27.csv,WXETIIFV,2010-07-27 03:34:54,2010-07-27 03:58:54
4,3,r4_3_405.csv,EI7NYB7J,2010-07-27 11:32:44,2010-07-27 13:06:44
6,3,r6_3_968.csv,I77YEETQ,2010-07-28 11:10:06,2010-07-28 11:16:06
5,1,r5_1_108.csv,RC8QY8P8,2010-07-28 20:56:51,2010-07-28 21:06:51
5,1,r5_1_393.csv,OQLNI1AG,2010-07-29 18:17:07,2010-07-29 20:01:07
5,3,r5_3_973.csv,AWYMVZ6I,2010-07-31 07:02:07,2010-07-31 07:27:07
5,1,r5_1_151.csv,GBZ8RLV2,2010-08-03 07:56:06,2010-08-03 09:19:06
2,3,r2_3_919.csv,HIMQCYF0,2010-08-03 23:44:36,2010-08-04 00:09:36
2,2,r2_2_933.csv,ZCWMXK28,2010-08-04 00:31:48,2010-08-04 02:19:48
2,1,r2_1_269.csv,ZQ3X57DC,2010-08-04 15:06:01,2010-08-04 16:26:01
2,1,r2_1_916.csv,KONLT8JB,2010-08-05 21:05:34,2010-08-05 21:34:34
3,2,r3_2_19.csv,PW8GQ76O,2010-08-08 04:55:38,2010-08-08 05:01:38
5,3,r5_3_59.csv,ISBLQ8CK,2010-08-09 01:39:55,2010-08-09 02:04:55
3,3,r3_3_963.csv,6DARBPZ4,2010-08-09 02:36:00,2010-08-09 02:38:00
5,1,r5_1_887.csv,59WI3Z4W,2010-08-09 09:46:15,2010-08-09 10:58:15
6,3,r6_3_481.csv,SDHL4Y8K,2010-08-09 17:04:11,2010-08-09 17:19:11
5,1,r5_1_849.csv,OZB5RF9O,2010-08-09 23:47:53,2010-08-10 00:30:53
3,1,r3_1_534.csv,91ONGEAT,2010-08-10 14:56:07,2010-08-10 15:34:07
4,3,r4_3_465.csv,5KB1QD0D,2010-08-10 18:41:40,2010-08-10 20:31:40
4,1,r4_1_280.csv,7EUAMWXC,2010-08-11 00:09:14,2010-08-11 01:52:14
5,3,r5_3_57.csv,5PEDPAP2,2010-08-11 05:08:07,2010-08-11 05:52:07
3,2,r3_2_850.csv,GJG436DL,2010-08-11 15:28:17,2010-08-11 17:14:17
2,2,r2_2_416.csv,U7V68W4J,2010-08-11 17:20:21,2010-08-11 18:14:21
3,1,r3_1_725.csv,S22RS7ID,2010-08-11 22:25:52,2010-08-12 00:08:52
5,2,r5_2_367.csv,A2BIYE63,2010-08-11 23:19:35,2010-08-12 00:59:35
5,1,r5_1_855.csv,N89US90W,2010-08-12 00:02:38,2010-08-12 01:03:38
2,2,r2_2_370.csv,HE34E3WC,2010-08-12 13:16:00,2010-08-12 14:12:00
2,1,r2_1_416.csv,CD3EFSPR,2010-08-13 18:23:59,2010-08-13 18:46:59
5,1,r5_1_659.csv,I2BHV32Y,2010-08-14 02:53:07,2010-08-14 02:55:07
6,2,r6_2_813.csv,23UVDA6D,2010-08-14 18:19:23,2010-08-14 19:37:23
5,3,r5_3_56.csv,91AVYEQH,2010-08-15 21:30:03,2010-08-15 22:45:03
5,1,r5_1_731.csv,OI3AAK5H,2010-08-16 11:54:57,2010-08-16 13:54:57
6,1,r6_1_829.csv,JATILNMS,2010-08-16 12:40:03,2010-08-16 13:57:03
4,3,r4_3_938.csv,96ZM8YA9,2010-08-16 21:38:27,2010-08-16 22:00:27
4,2,r4_2_50.csv,BUNKZSBO,2010-08-17 00:20:44,2010-08-17 00:27:44
4,3,r4_3_185.csv,XA195QD5,2010-08-17 11:23:40,2010-08-17 13:15:40
6,2,r6_2_336.csv,4UUSFUHF,2010-08-18 02:52:50,2010-08-18 04:00:50
6,3,r6_3_439.csv,74TR4RGF,2010-08-19 15:40:14,2010-08-19 16:58:14
4,1,r4_1_377.csv,WPV0ONTH,2010-08-19 15:51:33,2010-08-19 17:10:33
4,1,r4_1_572.csv,MZAZ9BZ8,2010-08-20 14:03:39,2010-08-20 15:48:39
4,2,r4_2_714.csv,PU1C7N3Q,2010-08-21 06:15:40,2010-08-21 08:02:40
4,1,r4_1_299.csv,JQX9OUT7,2010-08-22 10:56:37,2010-08-22 12:47:37
3,1,r3_1_887.csv,E5XV9Z0V,2010-08-23 10:49:18,2010-08-23 11:22:18
2,3,r2_3_869.csv,NLY5E4DL,2010-08-24 17:49:06,2010-08-24 19:18:06
3,1,r3_1_210.csv,LFSU07KV,2010-08-26 05:45:10,2010-08-26 05:50:10
3,2,r3_2_282.csv,7M87HX3Z,2010-08-26 15:34:52,2010-08-26 15:54:52
3,2,r3_2_990.csv,10DZ6CXT,2010-08-27 14:20:46,2010-08-27 16:07:46
2,3,r2_3_632.csv,R13T118M,2010-08-27 18:10:54,2010-08-27 18:54:54
5,3,r5_3_887.csv,1WOH1SJB,2010-08-28 02:51:38,2010-08-28 04:34:38
2,2,r2_2_546.csv,A3EXEOGL,2010-08-29 05:59:23,2010-08-29 06:54:23
2,1,r2_1_11.csv,9VLYDZQ5,2010-08-29 07:46:48,2010-08-29 09:24:48
4,2,r4_2_651.csv,26THGYKS,2010-08-29 08:45:07,2010-08-29 10:25:07
5,1,r5_1_112.csv,3FT26ZW9,2010-08-30 05:17:52,2010-08-30 05:51:52
5,3,r5_3_288.csv,C5L1Q87Z,2010-08-30 05:32:15,2010-08-30 05:41:15
5,2,r5_2_736.csv,M6XBACKD,2010-09-01 09:42:19,2010-09-01 10:50:19
3,2,r3_2_665.csv,765KF3H3,2010-09-02 23:08:33,2010-09-02 23:12:33
3,1,r3_1_730.csv,3LM3YP0V,2010-09-03 05:16:10,2010-09-03 06:33:10
5,2,r5_2_894.csv,NQPW47Z2,2010-09-03 14:25:30,2010-09-03 15:24:30
6,2,r6_2_274.csv,DJ6IPLDO,2010-09-04 00:03:10,2010-09-04 01:45:10
2,1,r2_1_362.csv,68BKFK02,2010-09-04 04:56:32,2010-09-04 05:43:32
5,3,r5_3_725.csv,MWVHEQ70,2010-09-05 01:52:24,2010-09-05 02:01:24
3,2,r3_2_161.csv,LKYFPUPU,2010-09-05 09:52:37,2010-09-05 10:49:37
2,2,r2_2_395.csv,5KVIGV8X,2010-09-06 04:18:56,2010-09-06 04:37:56
3,3,r3_3_77.csv,DXUYKCTN,2010-09-06 09:40:54,2010-09-06 10:26:54
5,3,r5_3_604.csv,3V1PSDUK,2010-09-08 02:38:10,2010-09-08 03:09:10
4,3,r4_3_193.csv,12RWNWIO,2010-09-08 03:06:14,2010-09-08 03:11:14
2,3,r2_3_902.csv,CFYNX8R5,2010-09-08 22:45:32,2010-09-09 00:07:32
2,2,r2_2_313.csv,3Q1C95WV,2010-09-10 09:04:46,2010-09-10 10:24:46
3,1,r3_1_920.csv,VJ2YD15N,2010-09-11 18:47:24,2010-09-11 20:44:24
6,3,r6_3_635.csv,DOAYPHUE,2010-09-12 23:24:26,2010-09-13 00:56:26
2,2,r2_2_728.csv,GJI2G9D5,2010-09-13 01:40:29,2010-09-13 01:48:29
2,2,r2_2_700.csv,JCYFM4TF,2010-09-14 18:38:48,2010-09-14 18:52:48
3,1,r3_1_17.csv,LA6S0F3B,2010-09-14 21:10:01,2010-09-14 22:16:01
5,3,r5_3_582.csv,RWXD22XM,2010-09-15 01:01:12,2010-09-15 01:22:12
6,1,r6_1_569.csv,56S0IWF0,2010-09-15 03:59:23,2010-09-15 05:46:23
4,3,r4_3_880.csv,QOBAGRF8,2010-09-15 14:07:53,2010-09-15 14:17:53
6,2,r6_2_463.csv,2J2858WQ,2010-09-16 01:28:21,2010-09-16 01:50:21
2,1,r2_1_164.csv,0CO84KD8,2010-09-16 18:55:52,2010-09-16 19:03:52
4,2,r4_2_861.csv,K73P6VQ9,2010-09-21 07:41:09,2010-09-21 08:39:09
2,1,r2_1_499.csv,LFVVA706,2010-09-21 19:51:41,2010-09-21 21:40:41
4,1,r4_1_323.csv,EMAOXKFZ,2010-09-22 04:19:45,2010-09-22 05:56:45
5,1,r5_1_887.csv,4Q6CKI8T,2010-09-22 10:06:40,2010-09-22 11:50:40
6,1,r6_1_48.csv,3Z53V57D,2010-09-22 11:35:41,2010-09-22 13:23:41
3,3,r3_3_691.csv,MYGCEO00,2010-09-22 12:58:07,2010-09-22 13:42:07
2,2,r2_2_445.csv,ZKM4K2V0,2010-09-22 18:01:59,2010-09-22 18:19:59
6,1,r6_1_995.csv,MTIN914V,2010-09-24 07:42:38,2010-09-24 09:01:38
2,3,r2_3_930.csv,NUE1BGR3,2010-09-24 19:19:30,2010-09-24 20:25:30
3,3,r3_3_246.csv,88H9XUE0,2010-09-26 01:09:55,2010-09-26 01:50:55
4,1,r4_1_10.csv,CKCB32MK,2010-09-26 22:51:37,2010-09-27 00:01:37
6,2,r6_2_50.csv,2AL3GT00,2010-09-27 01:16:42,2010-09-27 01:46:42
5,2,r5_2_810.csv,RYAIAX0L,2010-09-27 07:58:50,2010-09-27 09:44:50
2,3,r2_3_904.csv,YD5T7T75,2010-09-27 11:37:36,2010-09-27 12:27:36
6,3,r6_3_582.csv,G5NPSE0S,2010-09-27 11:57:05,2010-09-27 12:59:05
2,2,r2_2_895.csv,FD6Q8104,2010-09-28 04:59:34,2010-09-28 06:43:34
5,3,r5_3_636.csv,PZ9A4AR8,2010-09-28 11:38:00,2010-09-28 13:01:00
4,3,r4_3_729.csv,R02X6T6Z,2010-09-29 00:07:52,2010-09-29 00:52:52
5,2,r5_2_376.csv,4VMJ91WE,2010-09-29 01:32:54,2010-09-29 02:53:54
5,2,r5_2_476.csv,MXEGOX28,2010-09-29 06:44:41,2010-09-29 07:40:41
5,1,r5_1_941.csv,YEZI13O7,2010-09-29 18:19:01,2010-09-29 18:29:01
2,3,r2_3_165.csv,7C6NAX5S,2010-09-30 01:15:30,2010-09-30 01:41:30
2,3,r2_3_819.csv,4M8SPGWA,2010-09-30 11:25:58,2010-09-30 13:04:58
6,1,r6_1_27.csv,C00LLUUA,2010-09-30 19:34:23,2010-09-30 20:56:23
4,2,r4_2_148.csv,5JXHEINK,2010-10-01 12:56:38,2010-10-01 13:40:38
6,1,r6_1_253.csv,NVM7GFFZ,2010-10-01 14:56:58,2010-10-01 16:30:58
6,2,r6_2_611.csv,OHEBIRUC,2010-10-01 18:40:57,2010-10-01 19:45:57
4,3,r4_3_143.csv,P9DEDKWW,2010-10-04 15:24:55,2010-10-04 16:00:55
4,3,r4_3_962.csv,H15RAYF8,2010-10-04 17:57:38,2010-10-04 18:18:38
3,1,r3_1_464.csv,8XUNJ8EV,2010-10-04 22:46:49,2010-10-05 00:11:49
4,3,r4_3_939.csv,G0YYGSNV,2010-10-06 05:02:53,2010-10-06 06:30:53
5,2,r5_2_334.csv,4URRC1MG,2010-10-06 11:59:21,2010-10-06 13:39:21
4,1,r4_1_335.csv,303XUI8E,2010-10-07 00:59:32,2010-10-07 01:39:32
6,1,r6_1_974.csv,A6B2UUXC,2010-10-07 04:56:16,2010-10-07 06:46:16
6,3,r6_3_600.csv,VEOK6BMH,2010-10-08 05:14:06,2010-10-08 07:13:06
5,2,r5_2_418.csv,DXERPQ1H,2010-10-08 05:26:49,2010-10-08 06:20:49
6,3,r6_3_576.csv,AMBRURJX,2010-10-08 13:23:30,2010-10-08 14:47:30
5,2,r5_2_852.csv,65RVYHTE,2010-10-09 14:16:03,2010-10-09 14:26:03
3,2,r3_2_293.csv,T5540WYF,2010-10-10 11:17:26,2010-10-10 13:08:26
6,2,r6_2_33.csv,NBF3SR2C,2010-10-13 07:49:55,2010-10-13 08:04:55
4,2,r4_2_962.csv,NWLV7BUI,2010-10-13 17:58:52,2010-10-13 19:08:52
6,1,r6_1_693.csv,H8RCJPQM,2010-10-13 18:13:02,2010-10-13 20:11:02
4,2,r4_2_519.csv,00SVP1GW,2010-10-14 04:17:25,2010-10-14 04:28:25
5,2,r5_2_537.csv,TTAGOD20,2010-10-15 03:28:09,2010-10-15 03:43:09
2,1,r2_1_603.csv,EHQ1NKTH,2010-10-16 15:45:43,2010-10-16 16:36:43
5,2,r5_2_855.csv,GGN8R88J,2010-10-17 04:49:32,2010-10-17 05:23:32
4,3,r4_3_215.csv,UKJMR675,2010-10-17 09:26:59,2010-10-17 09:57:59
6,3,r6_3_990.csv,2VSF3PAD,2010-10-18 22:50:28,2010-10-18 23:14:28
5,1,r5_1_909.csv,7SUJD0ED,2010-10-19 06:05:06,2010-10-19 07:24:06
3,1,r3_1_701.csv,WQ30YHA7,2010-10-21 08:41:15,2010-10-21 10:11:15
2,1,r2_1_951.csv,H9EKCD09,2010-10-21 21:46:57,2010-10-21 23:38:57
3,1,r3_1_305.csv,80N3S7E7,2010-10-23 02:17:52,2010-10-23 03:01:52
4,2,r4_2_989.csv,PEHFP9PG,2010-10-24 07:09:38,2010-10-24 08:28:38
3,1,r3_1_591.csv,73UJU9CF,2010-10-24 15:10:51,2010-10-24 15:57:51
6,2,r6_2_564.csv,EOZNNJRP,2010-10-25 10:04:23,2010-10-25 11:12:23
4,3,r4_3_762.csv,S9ZA3FCV,2010-10-25 19:50:21,2010-10-25 20:26:21
6,2,r6_2_431.csv,0FLDF5W7,2010-10-25 23:57:55,2010-10-26 01:08:55
6,2,r6_2_958.csv,IAZ64FSM,2010-10-26 21:02:03,2010-10-26 21:24:03
6,1,r6_1_335.csv,68LUBCKM,2010-10-27 23:32:49,2010-10-27 23:46:49
6,1,r6_1_832.csv,HAXWOU6U,2010-10-30 02:33:21,2010-10-30 03:10:21
4,3,r4_3_92.csv,56ESXIK4,2010-10-30 11:00:25,2010-10-30 11:53:25
4,3,r4_3_786.csv,5MNKS4PQ,2010-10-30 22:24:35,2010-10-30 22:57:35
6,2,r6_2_493.csv,NNPP1W4B,2010-10-31 00:14:23,2010-10-31 01:59:23
4,3,r4_3_34.csv,GKGP96RF,2010-10-31 20:37:58,2010-10-31 21:12:58
2,1,r2_1_495.csv,8N2MM7W5,2010-11-01 22:18:07,2010-11-01 23:59:07
6,1,r6_1_375.csv,TY3YA8WP,2010-11-02 06:52:23,2010-11-02 07:00:23
5,3,r5_3_904.csv,7CYESSTF,2010-11-05 04:41:41,2010-11-05 05:35:41
6,1,r6_1_293.csv,OCGTQWXB,2010-11-05 12:34:00,2010-11-05 13:25:00
5,1,r5_1_554.csv,O1ZPUQ6D,2010-11-06 09:44:40,2010-11-06 10:56:40
4,3,r4_3_325.csv,J7U4GTAK,2010-11-06 10:14:23,2010-11-06 11:48:23
3,2,r3_2_478.csv,7UTR9PIN,2010-11-07 09:22:30,2010-11-07 09:44:30
5,1,r5_1_783.csv,DFQ3OFZW,2010-11-07 12:06:57,2010-11-07 13:53:57
3,2,r3_2_194.csv,QMZLQL55,2010-11-07 12:58:34,2010-11-07 13:57:34
4,2,r4_2_604.csv,K1FLPPUM,2010-11-08 07:56:06,2010-11-08 09:27:06
4,3,r4_3_159.csv,7BFBL419,2010-11-08 15:38:55,2010-11-08 16:36:55
6,2,r6_2_208.csv,0QFYNMAF,2010-11-09 23:36:49,2010-11-10 00:42:49
4,1,r4_1_138.csv,0Z6I4MSM,2010-11-11 00:45:09,2010-11-11 02:01:09
6,1,r6_1_722.csv,3ZTGWI8C,2010-11-11 22:54:29,2010-11-12 00:46:29
6,1,r6_1_822.csv,GUO9TNX5,2010-11-12 05:26:20,2010-11-12 07:02:20
4,3,r4_3_785.csv,589QQRFF,2010-11-12 06:29:56,2010-11-12 08:05:56
3,1,r3_1_42.csv,7UDIJIDM,2010-11-12 07:31:08,2010-11-12 08:02:08
5,2,r5_2_792.csv,EMKVVROO,2010-11-12 11:29:31,2010-11-12 12:47:31
5,1,r5_1_914.csv,HESFZNLG,2010-11-12 17:13:39,2010-11-12 18:56:39
5,2,r5_2_190.csv,8QRZ3BE8,2010-11-14 11:20:56,2010-11-14 13:02:56
5,2,r5_2_581.csv,SSHTGVQR,2010-11-14 13:00:23,2010-11-14 13:24:23
5,3,r5_3_491.csv,WW242JYP,2010-11-15 01:19:40,2010-11-15 01:31:40
5,2,r5_2_837.csv,X2QUP9QE,2010-11-15 15:37:50,2010-11-15 15:57:50
2,2,r2_2_984.csv,LHNHGGCF,2010-11-16 08:43:36,2010-11-16 10:03:36
5,2,r5_2_324.csv,C6ZQASZ9,2010-11-16 20:11:48,2010-11-16 21:17:48
6,1,r6_1_125.csv,MWRODA01,2010-11-17 00:07:07,2010-11-17 01:34:07
2,2,r2_2_246.csv,AHDY4K38,2010-11-18 17:58:16,2010-11-18 18:21:16
3,3,r3_3_364.csv,BPIQW1TZ,2010-11-19 18:04:22,2010-11-19 19:33:22
3,2,r3_2_758.csv,C0YDON46,2010-11-20 07:51:28,2010-11-20 08:54:28
3,3,r3_3_833.csv,XRZBK7NN,2010-11-21 02:28:41,2010-11-21 03:26:41
3,1,r3_1_459.csv,WA9WKKAO,2010-11-21 04:03:11,2010-11-21 04:09:11
2,2,r2_2_181.csv,CXOMQH4B,2010-11-21 06:49:41,2010-11-21 08:06:41
4,2,r4_2_246.csv,3RBGT48S,2010-11-21 10:46:23,2010-11-21 11:44:23
2,3,r2_3_497.csv,487N3P08,2010-11-21 20:04:34,2010-11-21 21:55:34
5,2,r5_2_962.csv,7V537A4G,2010-11-21 20:53:59,2010-11-21 22:15:59
2,3,r2_3_804.csv,VI74776Q,2010-11-22 21:10:33,2010-11-22 22:42:33
6,2,r6_2_723.csv,ZVIMW2N0,2010-11-24 07:20:17,2010-11-24 07:53:17
6,3,r6_3_146.csv,SXTKTV0U,2010-11-24 20:18:03,2010-11-24 20:25:03
3,1,r3_1_901.csv,4ZC1O2HO,2010-11-25 06:39:00,2010-11-25 06:50:00
3,1,r3_1_582.csv,9UI9XMS8,2010-11-26 17:17:41,2010-11-26 18:07:41
2,2,r2_2_321.csv,BFMQGWET,2010-11-27 01:36:46,2010-11-27 01:42:46
4,3,r4_3_153.csv,YHLALTEX,2010-11-27 12:00:13,2010-11-27 12:51:13
4,2,r4_2_721.csv,BK3QIR07,2010-11-27 12:50:18,2010-11-27 13:17:18
2,3,r2_3_665.csv,OOSVCQ1Q,2010-11-29 10:01:19,2010-11-29 10:27:19
6,1,r6_1_177.csv,XSUH585X,2010-11-30 11:50:09,2010-11-30 13:42:09
3,1,r3_1_208.csv,6TB2WI46,2010-11-30 22:21:13,2010-11-30 23:54:13
3,1,r3_1_311.csv,U1121J9K,2010-12-01 07:00:54,2010-12-01 07:22:54
3,3,r3_3_241.csv,69CYBNZD,2010-12-02 09:40:29,2010-12-02 11:13:29
4,1,r4_1_190.csv,F4SDOKEC,2010-12-02 10:46:33,2010-12-02 12:29:33
2,3,r2_3_986.csv,5BH9DSFF,2010-12-02 12:07:22,2010-12-02 14:04:22
3,2,r3_2_257.csv,XCSVLUXG,2010-12-04 00:21:05,2010-12-04 01:53:05
2,1,r2_1_92.csv,EN19DLDU,2010-12-06 00:18:01,2010-12-06 01:32:01
4,1,r4_1_443.csv,E9FR5C58,2010-12-06 01:13:56,2010-12-06 02:10:56
2,1,r2_1_172.csv,U95OAYWA,2010-12-06 22:57:36,2010-12-06 23:43:36
2,2,r2_2_342.csv,XOUAUEJM,2010-12-07 18:34:07,2010-12-07 19:39:07
5,2,r5_2_560.csv,1IP1XM4Q,2010-12-09 20:16:12,2010-12-09 22:04:12
6,3,r6_3_211.csv,4BYGGKD9,2010-12-10 11:00:55,2010-12-10 11:40:55
5,3,r5_3_351.csv,5UJ2SAJ6,2010-12-11 21:48:50,2010-12-11 23:28:50
4,2,r4_2_217.csv,H1QO55QH,2010-12-12 00:08:18,2010-12-12 01:03:18
3,3,r3_3_985.csv,Q6BZSKHP,2010-12-12 12:33:49,2010-12-12 14:02:49
3,1,r3_1_757.csv,WZR0LXVZ,2010-12-14 16:11:24,2010-12-14 16:52:24
3,3,r3_3_472.csv,ZZJ7SCBI,2010-12-14 20:32:34,2010-12-14 22:07:34
5,2,r5_2_688.csv,OVIACIAF,2010-12-15 10:30:06,2010-12-15 12:13:06
3,1,r3_1_303.csv,JHSZQV8Y,2010-12-16 07:05:51,2010-12-16 07:56:51
2,3,r2_3_64.csv,4XR22AA8,2010-12-16 12:40:35,2010-12-16 13:48:35
5,1,r5_1_915.csv,NTGKGZWG,2010-12-16 14:24:48,2010-12-16 15:26:48
5,3,r5_3_213.csv,6OKSFBIZ,2010-12-20 18:36:02,2010-12-20 19:47:02
4,3,r4_3_688.csv,D76WZ014,2010-12-21 01:16:08,2010-12-21 01:25:08
4,3,r4_3_367.csv,5N54A5B5,2010-12-22 06:26:31,2010-12-22 07:32:31
5,1,r5_1_251.csv,08NFFZGM,2010-12-22 12:54:45,2010-12-22 13:16:45
5,1,r5_1_915.csv,TQFBJNL9,2010-12-23 22:06:38,2010-12-23 23:31:38
3,2,r3_2_638.csv,KWC9IKWK,2010-12-23 23:22:22,2010-12-24 00:17:22
2,2,r2_2_384.csv,4JNZDHUF,2010-12-24 07:40:56,2010-12-24 08:27:56
3,3,r3_3_67.csv,0ZLNPEQ3,2010-12-25 00:57:20,2010-12-25 01:10:20
4,2,r4_2_535.csv,0E5L2GXC,2010-12-25 02:40:17,2010-12-25 04:03:17
5,1,r5_1_316.csv,LYYZKBMG,2010-12-25 22:06:39,2010-12-25 22:51:39
6,3,r6_3_426.csv,322TPT2D,2010-12-26 05:34:20,2010-12-26 07:07:20
5,2,r5_2_458.csv,AUM6KJCO,2010-12-27 18:25:04,2010-12-27 19:06:04
3,1,r3_1_620.csv,SIV8SWXL,2010-12-29 08:40:35,2010-12-29 08:46:35
6,3,r6_3_991.csv,1R750UGF,2010-12-29 09:24:37,2010-12-29 09:44:37
2,2,r2_2_987.csv,FYM24VYF,2010-12-30 00:00:10,2010-12-30 01:08:10
6,1,r6_1_259.csv,F805TRJZ,2010-12-30 01:19:29,2010-12-30 01:54:29
4,1,r4_1_148.csv,U7ZKXMFI,2010-12-30 02:54:31,2010-12-30 04:12:31
2,2,r2_2_697.csv,I1A9WB96,2010-12-31 03:45:11,2010-12-31 05:22:11
3,2,r3_2_501.csv,0NK9DKC4,2011-01-01 02:09:10,2011-01-01 03:46:10
4,2,r4_2_12.csv,7FKN6VE7,2011-01-02 16:39:51,2011-01-02 17:12:51
5,3,r5_3_492.csv,VLRP5UHZ,2011-01-02 18:45:38,2011-01-02 19:07:38
3,3,r3_3_115.csv,A7TF4OK0,2011-01-02 23:47:50,2011-01-03 01:41:50
3,2,r3_2_295.csv,HQI23Z86,2011-01-03 00:54:44,2011-01-03 01:26:44
4,2,r4_2_89.csv,ZCKNBTU0,2011-01-04 18:15:13,2011-01-04 18:27:13
2,1,r2_1_915.csv,RNX31N6W,2011-01-04 18:27:41,2011-01-04 19:04:41
6,1,r6_1_783.csv,8SM416JE,2011-01-06 05:15:27,2011-01-06 05:48:27
6,1,r6_1_825.csv,4KQD74E5,2011-01-06 06:17:28,2011-01-06 07:21:28
2,1,r2_1_474.csv,AMPVPN0K,2011-01-07 03:12:32,2011-01-07 03:37:32
5,1,r5_1_154.csv,67Z0TB04,2011-01-07 10:24:20,2011-01-07 11:10:20
6,3,r6_3_606.csv,C0VL2V8U,2011-01-08 23:17:16,2011-01-09 00:41:16
4,1,r4_1_88.csv,BXYJ0S2X,2011-01-09 20:05:17,2011-01-09 21:30:17
2,1,r2_1_416.csv,VWQGW0CL,2011-01-10 07:37:19,2011-01-10 08:12:19
5,3,r5_3_179.csv,LE25APJ8,2011-01-10 19:27:25,2011-01-10 19:47:25
4,2,r4_2_176.csv,3DMWY8TS,2011-01-13 20:09:51,2011-01-13 21:48:51
4,2,r4_2_844.csv,2CS8HNPS,2011-01-14 05:00:16,2011-01-14 06:33:16
5,1,r5_1_447.csv,8MU4ANGG,2011-01-14 05:23:43,2011-01-14 06:11:43
6,3,r6_3_765.csv,KXC8RFF2,2011-01-15 17:06:57,2011-01-15 18:23:57
5,3,r5_3_56.csv,H4EFXUGO,2011-01-15 22:14:02,2011-01-15 23:34:02
4,3,r4_3_484.csv,R9BPNDJW,2011-01-16 19:45:22,2011-01-16 20:20:22
3,1,r3_1_417.csv,WDWJI39Z,2011-01-17 00:41:30,2011-01-17 01:57:30
5,3,r5_3_455.csv,V9OA7YQ6,2011-01-17 05:36:11,2011-01-17 05:38:11
5,2,r5_2_937.csv,I21IIVIC,2011-01-17 13:22:41,2011-01-17 14:43:41
2,1,r2_1_678.csv,K4UGZ89C,2011-01-17 18:04:00,2011-01-17 18:56:00
5,3,r5_3_732.csv,UGGM4T6T,2011-01-18 08:55:45,2011-01-18 09:27:45
4,2,r4_2_87.csv,QMCBMR1S,2011-01-18 10:56:11,2011-01-18 12:54:11
3,2,r3_2_760.csv,HAD12A6J,2011-01-18 11:46:32,2011-01-18 11:48:32
5,2,r5_2_613.csv,JHLZAEFC,2011-01-18 23:17:48,2011-01-18 23:48:48
2,3,r2_3_123.csv,CW35Z1SY,2011-01-19 02:05:39,2011-01-19 03:17:39
3,2,r3_2_50.csv,0C983PLN,2011-01-19 16:43:14,2011-01-19 18:02:14
5,2,r5_2_871.csv,X1RX084I,2011-01-19 18:32:40,2011-01-19 20:30:40
6,3,r6_3_417.csv,TTRZNLG8,2011-01-20 04:00:34,2011-01-20 05:15:34
4,2,r4_2_300.csv,ENCTPLFM,2011-01-20 12:55:56,2011-01-20 13:56:56
3,1,r3_1_867.csv,4YMSRPQF,2011-01-21 23:18:35,2011-01-21 23:55:35
6,3,r6_3_712.csv,LOOGMGHO,2011-01-23 00:13:08,2011-01-23 01:44:08
6,3,r6_3_765.csv,PTMGFLEA,2011-01-23 18:17:12,2011-01-23 20:08:12
2,2,r2_2_975.csv,M7DRPC24,2011-01-24 01:39:21,2011-01-24 01:40:21
2,1,r2_1_491.csv,6EVIRPPS,2011-01-24 05:31:58,2011-01-24 06:01:58
6,3,r6_3_722.csv,KXD9DIAH,2011-01-25 06:50:03,2011-01-25 08:35:03
4,3,r4_3_851.csv,YH05JYQC,2011-01-25 18:09:13,2011-01-25 18:33:13
2,1,r2_1_970.csv,CL1SX48C,2011-01-29 17:12:10,2011-01-29 17:19:10
5,1,r5_1_20.csv,BTBX9CYA,2011-01-29 21:02:10,2011-01-29 21:30:10
6,1,r6_1_416.csv,ZWJ0T14S,2011-01-31 00:26:14,2011-01-31 00:54:14
5,1,r5_1_581.csv,791UR0LU,2011-01-31 12:10:34,2011-01-31 12:42:34
2,3,r2_3_881.csv,7BV89TXH,2011-02-01 05:57:57,2011-02-01 06:05:57
2,3,r2_3_934.csv,JAQ2K6C1,2011-02-01 18:24:21,2011-02-01 19:54:21
2,2,r2_2_434.csv,VJHMD046,2011-02-02 00:10:10,2011-02-02 01:38:10
5,3,r5_3_339.csv,6A0ZI7EY,2011-02-03 01:00:33,2011-02-03 01:07:33
2,2,r2_2_832.csv,K3BFLHM7,2011-02-03 05:18:49,2011-02-03 05:48:49
3,1,r3_1_746.csv,VQDIYQ29,2011-02-08 05:25:06,2011-02-08 06:32:06
2,1,r2_1_245.csv,3F4WS4RY,2011-02-09 23:53:31,2011-02-10 00:49:31
3,3,r3_3_409.csv,25L15W71,2011-02-10 03:51:28,2011-02-10 05:28:28
2,3,r2_3_790.csv,VFU4EXT4,2011-02-10 05:09:58,2011-02-10 06:50:58
2,1,r2_1_582.csv,CVLE3SN0,2011-02-10 08:40:52,2011-02-10 09:13:52
5,1,r5_1_357.csv,5CXQORRV,2011-02-12 15:58:13,2011-02-12 17:37:13
3,1,r3_1_398.csv,GOQXG5CG,2011-02-14 15:40:07,2011-02-14 17:26:07
4,1,r4_1_820.csv,9Z9PP0VK,2011-02-15 07:22:15,2011-02-15 08:45:15
5,1,r5_1_660.csv,W9L7WUV2,2011-02-15 13:15:46,2011-02-15 13:38:46
6,1,r6_1_73.csv,KE7QBBHI,2011-02-15 20:55:13,2011-02-15 22:51:13
4,3,r4_3_109.csv,ANCXMNM2,2011-02-15 21:43:39,2011-02-15 22:46:39
2,2,r2_2_166.csv,NQAXGNL7,2011-02-16 18:28:54,2011-02-16 20:00:54
2,1,r2_1_620.csv,G8SPHG7Y,2011-02-17 00:47:45,2011-02-17 02:19:45
3,3,r3_3_728.csv,Y5UZQHRU,2011-02-17 02:16:07,2011-02-17 03:45:07
5,2,r5_2_384.csv,MU4HJH6U,2011-02-17 09:26:57,2011-02-17 10:10:57
2,2,r2_2_924.csv,TIZKXSV2,2011-02-18 08:36:22,2011-02-18 08:55:22
5,3,r5_3_566.csv,JQATF5MO,2011-02-18 09:46:32,2011-02-18 10:32:32
5,1,r5_1_64.csv,G6PPCPXX,2011-02-18 22:19:57,2011-02-18 23:08:57
2,3,r2_3_240.csv,2Q4GUH2H,2011-02-19 16:20:50,2011-02-19 17:54:50
5,2,r5_2_33.csv,VSHVFKBV,2011-02-20 00:06:35,2011-02-20 01:46:35
2,1,r2_1_471.csv,RXPDXGMV,2011-02-20 13:49:12,2011-02-20 14:25:12
4,3,r4_3_550.csv,G9X7Z62J,2011-02-20 21:02:06,2011-02-20 22:07:06
2,2,r2_2_832.csv,BALNUJLV,2011-02-23 05:54:39,2011-02-23 05:57:39
5,1,r5_1_449.csv,HAJI8Q4S,2011-02-24 20:46:58,2011-02-24 22:42:58
4,1,r4_1_899.csv,CKJ3IH2V,2011-02-25 16:03:36,2011-02-25 16:44:36
2,1,r2_1_688.csv,79WVLKA0,2011-02-25 17:24:56,2011-02-25 18:58:56
6,1,r6_1_460.csv,JQJ57E3X,2011-02-27 01:51:12,2011-02-27 03:17:12
2,3,r2_3_723.csv,E0JZJIC8,2011-02-27 16:09:13,2011-02-27 17:26:13
3,2,r3_2_470.csv,IIUN1I6I,2011-02-27 18:11:19,2011-02-27 18:13:19
4,3,r4_3_190.csv,DTTO05CN,2011-03-01 12:16:36,2011-03-01 12:28:36
2,3,r2_3_653.csv,IW70I2UG,2011-03-01 23:22:07,2011-03-01 23:38:07
3,1,r3_1_778.csv,HOCSVF1Y,2011-03-03 20:57:01,2011-03-03 21:49:01
4,1,r4_1_492.csv,K0TXZW84,2011-03-04 06:27:11,2011-03-04 08:17:11
5,3,r5_3_994.csv,H2HRFIFN,2011-03-04 19:26:00,2011-03-04 20:04:00
4,1,r4_1_788.csv,3TGMXHDP,2011-03-05 21:55:30,2011-03-05 22:52:30
2,3,r2_3_432.csv,UJJMK8PU,2011-03-06 21:24:02,2011-03-06 21:45:02
6,2,r6_2_906.csv,X76QZP5M,2011-03-07 01:53:20,2011-03-07 02:33:20
6,3,r6_3_600.csv,PXWSRTFM,2011-03-07 16:56:31,2011-03-07 17:50:31
4,2,r4_2_78.csv,0XLWDMF0,2011-03-07 19:36:19,2011-03-07 21:15:19
5,3,r5_3_172.csv,J6OV5LLF,2011-03-09 01:29:36,2011-03-09 03:14:36
6,1,r6_1_804.csv,BHBFBM7L,2011-03-11 00:40:35,2011-03-11 02:40:35
6,2,r6_2_979.csv,7PTB5O6W,2011-03-11 15:56:29,2011-03-11 17:20:29
4,3,r4_3_318.csv,R7CYJA02,2011-03-11 23:42:10,2011-03-12 01:35:10
5,2,r5_2_722.csv,SIEEUWVR,2011-03-13 11:59:19,2011-03-13 12:35:19
4,3,r4_3_356.csv,R6KISG6A,2011-03-13 12:34:05,2011-03-13 14:29:05
3,3,r3_3_58.csv,62A7YJN7,2011-03-13 22:52:06,2011-03-13 23:24:06
2,2,r2_2_834.csv,Q9YIC342,2011-03-16 00:48:59,2011-03-16 01:09:59
6,2,r6_2_203.csv,Y7YHMO3S,2011-03-16 06:22:16,2011-03-16 08:22:16
5,1,r5_1_896.csv,A77Q9IRX,2011-03-17 02:13:57,2011-03-17 03:15:57
3,1,r3_1_264.csv,1A6JCXVL,2011-03-17 12:03:05,2011-03-17 13:30:05
4,2,r4_2_586.csv,SU13KSPE,2011-03-17 17:02:29,2011-03-17 17:27:29
4,2,r4_2_903.csv,7BR7QNNF,2011-03-17 17:21:08,2011-03-17 19:17:08
6,2,r6_2_449.csv,YT0J4ECX,2011-03-19 15:13:03,2011-03-19 16:51:03
3,2,r3_2_345.csv,M2PDYILC,2011-03-20 16:58:09,2011-03-20 17:33:09
2,2,r2_2_317.csv,RHN7QY6O,2011-03-22 11:28:26,2011-03-22 11:42:26
3,2,r3_2_822.csv,AV1GDFHZ,2011-03-22 13:13:45,2011-03-22 14:17:45
3,1,r3_1_351.csv,I6AIYL5B,2011-03-23 13:58:50,2011-03-23 15:50:50
5,1,r5_1_284.csv,E5OLKCAU,2011-03-24 13:06:00,2011-03-24 13:34:00
4,1,r4_1_51.csv,8OJR0QLP,2011-03-25 01:38:13,2011-03-25 03:24:13
3,3,r3_3_812.csv,K3E6Y3HZ,2011-03-25 21:26:57,2011-03-25 22:22:57
5,3,r5_3_40.csv,D94W01Q7,2011-03-26 02:33:47,2011-03-26 04:28:47
6,1,r6_1_981.csv,54D27V4W,2011-03-27 19:03:22,2011-03-27 19:59:22
3,3,r3_3_314.csv,CAABI14X,2011-03-28 22:44:25,2011-03-28 23:18:25
6,3,r6_3_515.csv,TMSC4WNG,2011-03-29 03:49:41,2011-03-29 04:08:41
3,1,r3_1_569.csv,Z71SRIM8,2011-03-30 11:01:18,2011-03-30 11:36:18
5,1,r5_1_927.csv,ERSC5NN4,2011-03-30 21:07:01,2011-03-30 21:58:01
6,1,r6_1_993.csv,R4CSG81K,2011-04-03 14:24:25,2011-04-03 14:40:25
3,3,r3_3_160.csv,HL2M06Q6,2011-04-03 15:15:30,2011-04-03 16:24:30
3,2,r3_2_893.csv,68PYBPX8,2011-04-06 19:21:11,2011-04-06 20:46:11
2,2,r2_2_849.csv,6KUMD9TU,2011-04-07 14:58:01,2011-04-07 15:04:01
4,3,r4_3_116.csv,BWPTQ4FQ,2011-04-07 22:10:11,2011-04-07 22:59:11
2,3,r2_3_962.csv,7NY7RPIS,2011-04-08 23:26:12,2011-04-08 23:31:12
4,3,r4_3_667.csv,JJXDIZTH,2011-04-09 04:33:21,2011-04-09 06:16:21
2,3,r2_3_81.csv,0SZ71NGE,2011-04-09 07:49:52,2011-04-09 08:12:52
5,2,r5_2_995.csv,RBUO3W2S,2011-04-09 22:07:26,2011-04-09 22:37:26
4,2,r4_2_506.csv,760227FN,2011-04-09 22:58:09,2011-04-10 00:07:09
5,2,r5_2_390.csv,V1YZL0K7,2011-04-09 23:31:41,2011-04-10 00:04:41
2,2,r2_2_31.csv,EDYUT3EF,2011-04-10 02:49:52,2011-04-10 03:41:52
2,2,r2_2_769.csv,3PKDQQWD,2011-04-10 17:06:41,2011-04-10 18:59:41
4,3,r4_3_205.csv,7PKSPEMP,2011-04-10 19:01:10,2011-04-10 20:28:10
5,3,r5_3_439.csv,UM3BDUSF,2011-04-11 08:03:49,2011-04-11 08:08:49
4,1,r4_1_379.csv,DQB7X96G,2011-04-11 16:40:28,2011-04-11 18:34:28
4,3,r4_3_67.csv,EPPBXXR5,2011-04-12 09:51:21,2011-04-12 10:29:21
4,1,r4_1_143.csv,JNYXTOTO,2011-04-12 11:18:21,2011-04-12 12:29:21
6,2,r6_2_732.csv,AVBPJ8DG,2011-04-13 00:30:56,2011-04-13 01:15:56
3,1,r3_1_786.csv,280Y6Y85,2011-04-13 11:33:31,2011-04-13 13:01:31
5,1,r5_1_841.csv,TGSN1DTB,2011-04-14 05:03:04,2011-04-14 06:03:04
5,1,r5_1_715.csv,E1CAIRXQ,2011-04-14 07:11:35,2011-04-14 07:25:35
4,2,r4_2_284.csv,4TDNAYMC,2011-04-14 14:30:38,2011-04-14 15:01:38
5,1,r5_1_130.csv,D2L46RNC,2011-04-14 17:33:36,2011-04-14 18:10:36
4,3,r4_3_168.csv,VQB2T6RC,2011-04-15 19:08:00,2011-04-15 20:35:00
6,1,r6_1_960.csv,Q0DYAIK1,2011-04-16 03:35:13,2011-04-16 05:02:13
6,2,r6_2_874.csv,CCF17N8U,2011-04-17 05:18:53,2011-04-17 05:35:53
2,3,r2_3_627.csv,HM3J8R6I,2011-04-17 06:09:19,2011-04-17 08:02:19
6,3,r6_3_484.csv,ICEDLD2N,2011-04-17 10:31:08,2011-04-17 11:30:08
4,3,r4_3_17.csv,UX86ZU4D,2011-04-19 04:48:14,2011-04-19 06:05:14
3,1,r3_1_397.csv,927TXHVT,2011-04-19 14:02:27,2011-04-19 14:56:27
5,2,r5_2_178.csv,B360XNN4,2011-04-19 14:19:32,2011-04-19 14:27:32
6,1,r6_1_575.csv,9IA3ULD0,2011-04-19 20:46:33,2011-04-19 22:04:33
5,3,r5_3_976.csv,7SMCVWI2,2011-04-19 22:09:11,2011-04-19 22:17:11
2,2,r2_2_263.csv,BP348JPY,2011-04-21 12:22:19,2011-04-21 12:46:19
3,2,r3_2_447.csv,A6SW1YJX,2011-04-22 13:50:16,2011-04-22 14:20:16
5,2,r5_2_400.csv,56U16SWW,2011-04-23 06:58:48,2011-04-23 08:16:48
4,1,r4_1_665.csv,1DJE6UDN,2011-04-23 10:52:04,2011-04-23 12:24:04
5,1,r5_1_466.csv,NAPI0URX,2011-04-24 05:28:44,2011-04-24 05:53:44
2,2,r2_2_674.csv,KB422B0B,2011-04-25 22:13:26,2011-04-25 22:14:26
2,3,r2_3_929.csv,BZ0W9PRU,2011-04-26 22:53:03,2011-04-27 00:18:03
3,2,r3_2_204.csv,QMWH9411,2011-04-28 02:53:00,2011-04-28 04:39:00
4,2,r4_2_489.csv,RMSXIRMM,2011-04-29 04:29:38,2011-04-29 05:05:38
6,2,r6_2_41.csv,L9ERPA5G,2011-04-29 05:18:36,2011-04-29 07:03:36
4,3,r4_3_633.csv,5LWRYCQN,2011-04-30 00:16:54,2011-04-30 01:00:54
2,1,r2_1_304.csv,9WM7GJDT,2011-04-30 02:01:27,2011-04-30 02:56:27
6,1,r6_1_886.csv,RNXHT5F3,2011-05-01 05:12:05,2011-05-01 06:58:05
3,2,r3_2_208.csv,4QAA0A8E,2011-05-01 21:39:57,2011-05-01 21:55:57
4,2,r4_2_845.csv,6XSAI39P,2011-05-01 21:48:22,2011-05-01 22:07:22
2,1,r2_1_190.csv,7VY0NRBF,2011-05-02 01:56:18,2011-05-02 02:52:18
2,3,r2_3_277.csv,PGIEMI8R,2011-05-02 03:29:58,2011-05-02 04:54:58
6,1,r6_1_519.csv,D0TLWTPS,2011-05-02 23:39:37,2011-05-02 23:40:37
5,1,r5_1_699.csv,5563XWLU,2011-05-05 10:03:26,2011-05-05 10:41:26
4,3,r4_3_67.csv,YDF267PP,2011-05-05 11:45:16,2011-05-05 13:02:16
5,1,r5_1_444.csv,Y1IF8EQ8,2011-05-05 12:32:10,2011-05-05 12:36:10
4,3,r4_3_414.csv,ARXK8G6A,2011-05-05 15:50:25,2011-05-05 16:02:25
5,3,r5_3_155.csv,TPJYANPY,2011-05-05 19:24:46,2011-05-05 20:54:46
4,3,r4_3_604.csv,5XABPB7U,2011-05-05 23:17:14,2011-05-06 00:32:14
4,1,r4_1_939.csv,OQ9OBOVX,2011-05-06 17:14:51,2011-05-06 18:25:51
6,1,r6_1_448.csv,2KSJXFIS,2011-05-09 20:48:09,2011-05-09 21:01:09
2,2,r2_2_6.csv,3GUU7N9B,2011-05-10 09:03:28,2011-05-10 10:41:28
4,1,r4_1_621.csv,GV6XN8JZ,2011-05-11 10:07:50,2011-05-11 11:29:50
4,1,r4_1_438.csv,PCCPZ93A,2011-05-12 10:05:06,2011-05-12 12:03:06
3,2,r3_2_325.csv,4XG32RGT,2011-05-12 20:03:59,2011-05-12 21:35:59
4,2,r4_2_784.csv,BURHLHE6,2011-05-13 03:59:54,2011-05-13 04:54:54
5,2,r5_2_88.csv,CBKLPYK6,2011-05-13 05:18:35,2011-05-13 07:06:35
6,2,r6_2_524.csv,1VPKE9EU,2011-05-13 20:21:13,2011-05-13 20:51:13
6,1,r6_1_239.csv,CGYSQ4LB,2011-05-15 07:46:33,2011-05-15 09:32:33
6,3,r6_3_318.csv,CVV1XIGC,2011-05-15 12:22:15,2011-05-15 12:52:15
2,2,r2_2_505.csv,Q4H2Y6NW,2011-05-16 01:42:06,2011-05-16 01:47:06
2,3,r2_3_814.csv,5DNX0XJ2,2011-05-16 15:12:58,2011-05-16 16:19:58
3,3,r3_3_669.csv,4M26G9VX,2011-05-18 03:19:46,2011-05-18 03:52:46
6,2,r6_2_384.csv,1Z5W6Q3M,2011-05-18 17:57:05,2011-05-18 19:05:05
5,2,r5_2_112.csv,XWCLGD29,2011-05-20 21:15:04,2011-05-20 22:29:04
3,1,r3_1_882.csv,4UMH9V7Y,2011-05-21 22:21:19,2011-05-21 23:17:19
4,2,r4_2_310.csv,H6IG00ES,2011-05-22 15:07:24,2011-05-22 15:37:24
5,2,r5_2_76.csv,28GUBQLH,2011-05-23 19:32:02,2011-05-23 21:01:02
3,2,r3_2_651.csv,9SUEX4J0,2011-05-24 04:37:22,2011-05-24 05:23:22
2,3,r2_3_175.csv,X0KUX5VO,2011-05-24 13:55:38,2011-05-24 14:48:38
2,1,r2_1_612.csv,EPZW9XZW,2011-05-26 20:03:45,2011-05-26 21:39:45
3,1,r3_1_266.csv,9A2FB0TH,2011-05-27 06:17:38,2011-05-27 06:24:38
6,3,r6_3_266.csv,H3CPAJNX,2011-05-28 14:45:37,2011-05-28 15:54:37
5,3,r5_3_558.csv,F3VFC2UX,2011-05-28 15:44:11,2011-05-28 16:12:11
5,1,r5_1_468.csv,PORDF2QF,2011-05-29 00:58:03,2011-05-29 01:09:03
3,3,r3_3_77.csv,GFJ6YZIG,2011-05-30 08:35:39,2011-05-30 09:13:39
6,3,r6_3_417.csv,PYXJBNPO,2011-05-30 11:49:48,2011-05-30 12:55:48
6,2,r6_2_911.csv,PE173GSG,2011-05-31 11:39:03,2011-05-31 12:41:03
6,3,r6_3_916.csv,VPTDPOAY,2011-05-31 14:05:35,2011-05-31 15:14:35
3,1,r3_1_960.csv,YO2HBP96,2011-06-01 09:03:42,2011-06-01 10:26:42
5,2,r5_2_765.csv,2AEU6453,2011-06-02 14:53:22,2011-06-02 15:47:22
6,2,r6_2_474.csv,8O8JW7U8,2011-06-02 16:29:10,2011-06-02 17:39:10
3,2,r3_2_941.csv,PL4ZRNUX,2011-06-04 02:07:38,2011-06-04 03:19:38
4,3,r4_3_834.csv,5MT47P1N,2011-06-04 12:15:57,2011-06-04 12:25:57
4,2,r4_2_975.csv,7BN9X7G3,2011-06-04 17:47:11,2011-06-04 18:07:11
5,1,r5_1_855.csv,SYFG3958,2011-06-08 23:49:07,2011-06-09 00:46:07
4,3,r4_3_172.csv,ATVSUDTZ,2011-06-10 21:31:40,2011-06-10 21:44:40
4,1,r4_1_54.csv,84B9IB5J,2011-06-12 15:57:10,2011-06-12 16:25:10
6,3,r6_3_574.csv,ZDLAOGD9,2011-06-12 20:19:30,2011-06-12 21:38:30
6,2,r6_2_342.csv,I82ZTFIN,2011-06-13 23:40:17,2011-06-14 00:43:17
6,1,r6_1_359.csv,Q221UYAF,2011-06-14 01:46:25,2011-06-14 03:36:25
5,2,r5_2_65.csv,VA8BUVJ4,2011-06-14 07:42:51,2011-06-14 09:14:51
2,3,r2_3_682.csv,6NOZKLMZ,2011-06-15 15:16:41,2011-06-15 15:42:41
2,3,r2_3_474.csv,RVYJN2HJ,2011-06-16 11:16:27,2011-06-16 12:54:27
4,1,r4_1_451.csv,I59VARBV,2011-06-17 07:06:22,2011-06-17 07:27:22
4,2,r4_2_387.csv,XJ2I4ZHF,2011-06-17 17:02:32,2011-06-17 17:47:32
4,1,r4_1_86.csv,EJZ55SY6,2011-06-19 09:19:21,2011-06-19 10:51:21
6,2,r6_2_132.csv,D55NKTZ5,2011-06-19 11:12:39,2011-06-19 11:42:39
6,2,r6_2_888.csv,4J31EU3T,2011-06-20 01:10:52,2011-06-20 01:15:52
3,3,r3_3_50.csv,XZSKDSFL,2011-06-20 17:30:00,2011-06-20 17:34:00
6,3,r6_3_757.csv,OS1QE4XV,2011-06-21 21:06:56,2011-06-21 21:50:56
5,3,r5_3_150.csv,IS3ZGF69,2011-06-22 17:04:55,2011-06-22 18:55:55
2,1,r2_1_58.csv,AM4JDXTE,2011-06-23 18:59:43,2011-06-23 20:12:43
4,1,r4_1_546.csv,ZFJ6UTPH,2011-06-25 10:41:55,2011-06-25 12:20:55
2,1,r2_1_439.csv,4YTKL7JB,2011-06-26 13:13:00,2011-06-26 15:09:00
5,3,r5_3_156.csv,W329SMVJ,2011-06-26 19:57:02,2011-06-26 21:30:02
4,2,r4_2_675.csv,JCVQZX8T,2011-06-27 06:48:19,2011-06-27 08:41:19
2,2,r2_2_584.csv,SQM6N9GX,2011-06-27 12:50:09,2011-06-27 14:02:09
3,2,r3_2_196.csv,N4CNAYRB,2011-06-28 07:09:33,2011-06-28 07:12:33
6,1,r6_1_118.csv,D2ALWKY0,2011-06-29 09:43:05,2011-06-29 09:47:05
2,3,r2_3_457.csv,2MR8JCFW,2011-06-30 15:16:52,2011-06-30 15:44:52
3,3,r3_3_771.csv,QEC8OTQN,2011-06-30 23:26:32,2011-07-01 00:04:32
6,3,r6_3_918.csv,DEI7X9S4,2011-07-01 22:10:12,2011-07-01 23:24:12
6,2,r6_2_757.csv,7ZVPPQSW,2011-07-02 05:42:36,2011-07-02 06:52:36
6,1,r6_1_777.csv,89KJEL7A,2011-07-02 15:56:16,2011-07-02 16:39:16
4,2,r4_2_480.csv,W0OUHQVZ,2011-07-02 20:51:43,2011-07-02 21:37:43
2,2,r2_2_843.csv,HBA09G68,2011-07-02 22:03:06,2011-07-02 23:36:06
6,2,r6_2_487.csv,AFIU9TAH,2011-07-03 12:31:08,2011-07-03 12:39:08
4,3,r4_3_668.csv,VKHYN5A7,2011-07-03 13:28:21,2011-07-03 14:41:21
2,1,r2_1_708.csv,L77V8ZEP,2011-07-04 01:24:00,2011-07-04 02:29:00
2,3,r2_3_587.csv,6GNMC7QJ,2011-07-04 05:27:02,2011-07-04 06:25:02
6,3,r6_3_88.csv,6GGHS8XU,2011-07-05 00:26:53,2011-07-05 01:56:53
4,3,r4_3_493.csv,3WU573I3,2011-07-05 03:25:14,2011-07-05 04:48:14
5,2,r5_2_503.csv,PM395LSR,2011-07-05 19:16:19,2011-07-05 20:51:19
4,3,r4_3_103.csv,LFNMXTLF,2011-07-06 06:26:26,2011-07-06 08:01:26
4,1,r4_1_331.csv,06XIRR9Z,2011-07-07 07:44:40,2011-07-07 08:56:40
6,2,r6_2_925.csv,YKQC4WEW,2011-07-07 18:53:44,2011-07-07 20:47:44
2,1,r2_1_46.csv,EDIMBE6B,2011-07-08 08:50:18,2011-07-08 09:13:18
3,1,r3_1_456.csv,7PWRZY4L,2011-07-09 09:28:01,2011-07-09 11:23:01
5,2,r5_2_486.csv,HZVSRTWT,2011-07-10 04:46:23,2011-07-10 06:28:23
6,2,r6_2_397.csv,ZQATM9RI,2011-07-10 15:26:12,2011-07-10 16:27:12
3,2,r3_2_921.csv,U8HZNS76,2011-07-11 19:13:43,2011-07-11 20:57:43
2,1,r2_1_824.csv,LZFGN8P6,2011-07-12 08:59:22,2011-07-12 09:14:22
3,3,r3_3_599.csv,ORWXUG8D,2011-07-12 13:37:48,2011-07-12 15:17:48
3,3,r3_3_186.csv,HWVX2AC0,2011-07-13 23:36:41,2011-07-14 01:27:41
4,2,r4_2_564.csv,KJ8FPY2S,2011-07-14 00:26:06,2011-07-14 01:45:06
4,2,r4_2_515.csv,QJ9TXRSI,2011-07-15 22:19:44,2011-07-15 22:41:44
6,1,r6_1_131.csv,2ANCSFOF,2011-07-17 09:40:31,2011-07-17 09:41:31
5,1,r5_1_926.csv,X7W71AMK,2011-07-17 14:49:51,2011-07-17 16:30:51
5,1,r5_1_282.csv,G8OXJF4O,2011-07-18 19:22:34,2011-07-18 21:13:34
3,3,r3_3_676.csv,S8NZ857Z,2011-07-20 00:11:15,2011-07-20 01:40:15
5,1,r5_1_711.csv,CSQDSX4Y,2011-07-21 11:41:11,2011-07-21 11:49:11
5,3,r5_3_606.csv,OR7KVYU3,2011-07-21 13:15:22,2011-07-21 14:15:22
6,2,r6_2_928.csv,W5E1CD72,2011-07-21 18:23:14,2011-07-21 19:48:14
4,1,r4_1_265.csv,MO6R61J3,2011-07-21 18:44:27,2011-07-21 19:51:27
4,1,r4_1_301.csv,OFAU12W3,2011-07-22 13:19:44,2011-07-22 14:09:44
4,3,r4_3_820.csv,6CRFKQLZ,2011-07-22 23:58:09,2011-07-23 01:46:09
4,2,r4_2_640.csv,NXAL17XX,2011-07-23 17:11:31,2011-07-23 17:27:31
4,2,r4_2_928.csv,064DGHZW,2011-07-24 00:21:54,2011-07-24 01:08:54
2,2,r2_2_956.csv,WN8J582B,2011-07-25 14:20:28,2011-07-25 15:40:28
2,2,r2_2_305.csv,4IAHSO13,2011-07-25 19:25:37,2011-07-25 21:07:37
5,3,r5_3_114.csv,2Y2V5AM0,2011-07-28 19:14:14,2011-07-28 20:03:14
6,3,r6_3_636.csv,XQT3GUZ2,2011-07-29 00:12:16,2011-07-29 01:56:16
3,2,r3_2_782.csv,QDRHJ9ZT,2011-07-30 12:53:19,2011-07-30 14:45:19
6,3,r6_3_441.csv,EDBWTI09,2011-07-31 12:08:34,2011-07-31 14:03:34
4,1,r4_1_645.csv,KV4VGSVF,2011-08-02 06:37:57,2011-08-02 08:30:57
6,3,r6_3_426.csv,91G5ZZ97,2011-08-03 16:15:25,2011-08-03 17:38:25
4,3,r4_3_751.csv,JK0H3U5Y,2011-08-04 06:21:12,2011-08-04 07:13:12
3,1,r3_1_512.csv,OS9Y24KS,2011-08-04 07:00:31,2011-08-04 07:24:31
5,1,r5_1_73.csv,GP37WLOO,2011-08-04 09:28:26,2011-08-04 11:26:26
2,1,r2_1_181.csv,8YVXYEM7,2011-08-04 11:03:19,2011-08-04 12:01:19
2,1,r2_1_696.csv,KDMUZYTR,2011-08-04 21:29:46,2011-08-04 23:14:46
3,2,r3_2_791.csv,1SPKT2XJ,2011-08-05 11:21:38,2011-08-05 11:42:38
5,1,r5_1_820.csv,NO4ZYYYM,2011-08-06 12:17:09,2011-08-06 13:47:09
2,1,r2_1_500.csv,IPJGDLRE,2011-08-06 21:34:56,2011-08-06 22:34:56
5,2,r5_2_662.csv,KZW33DOB,2011-08-07 00:25:13,2011-08-07 00:34:13
3,2,r3_2_191.csv,YI31OP5D,2011-08-07 04:14:14,2011-08-07 06:07:14
3,3,r3_3_632.csv,RN2YSKYA,2011-08-07 11:34:39,2011-08-07 12:07:39
3,2,r3_2_581.csv,QHM3X1Z8,2011-08-08 09:26:44,2011-08-08 10:37:44
3,2,r3_2_592.csv,52651VRL,2011-08-08 21:43:14,2011-08-08 23:23:14
6,2,r6_2_203.csv,ZFLBE1QX,2011-08-08 21:59:47,2011-08-08 23:15:47
3,3,r3_3_416.csv,Q6JFSBAK,2011-08-09 13:41:51,2011-08-09 14:06:51
2,1,r2_1_132.csv,F0UVQJZT,2011-08-09 16:02:03,2011-08-09 16:37:03
3,1,r3_1_78.csv,QFAPQPU1,2011-08-10 17:13:43,2011-08-10 19:09:43
5,1,r5_1_389.csv,G1LB1LSZ,2011-08-11 00:21:23,2011-08-11 01:23:23
6,3,r6_3_674.csv,X1F28ZXP,2011-08-11 06:00:43,2011-08-11 07:16:43
3,3,r3_3_202.csv,L37DS92I,2011-08-11 12:57:52,2011-08-11 14:05:52
3,3,r3_3_376.csv,NJYCSLO4,2011-08-11 17:02:50,2011-08-11 17:21:50
3,1,r3_1_66.csv,XROTXSFW,2011-08-14 13:32:31,2011-08-14 15:02:31
2,2,r2_2_673.csv,Z3UJC1EX,2011-08-16 18:11:09,2011-08-16 19:31:09
5,1,r5_1_983.csv,50779NIC,2011-08-17 12:35:26,2011-08-17 13:18:26
3,1,r3_1_804.csv,ZB0D42VW,2011-08-17 14:07:46,2011-08-17 14:43:46
4,3,r4_3_564.csv,XCRFXAOM,2011-08-17 22:46:46,2011-08-18 00:18:46
4,1,r4_1_163.csv,ART4HH2U,2011-08-18 00:07:42,2011-08-18 01:22:42
4,2,r4_2_370.csv,1UVBROZ5,2011-08-19 07:41:11,2011-08-19 08:31:11
3,2,r3_2_790.csv,JEOCFUHJ,2011-08-19 14:15:24,2011-08-19 15:56:24
6,3,r6_3_79.csv,DKRFRUAA,2011-08-19 17:26:50,2011-08-19 17:29:50
6,1,r6_1_710.csv,UPFL1LDN,2011-08-20 14:29:58,2011-08-20 14:59:58
3,2,r3_2_238.csv,KYAXAJNM,2011-08-21 00:19:30,2011-08-21 02:19:30
6,3,r6_3_787.csv,J2UJZ3Q6,2011-08-23 04:01:23,2011-08-23 05:32:23
4,2,r4_2_348.csv,02JC356H,2011-08-24 08:26:47,2011-08-24 09:57:47
2,1,r2_1_316.csv,NP2YXHJF,2011-08-25 07:21:04,2011-08-25 09:10:04
4,2,r4_2_965.csv,VWXDRL7Z,2011-08-26 01:24:05,2011-08-26 02:06:05
2,3,r2_3_153.csv,QSC5UVF3,2011-08-26 13:42:23,2011-08-26 13:47:23
4,2,r4_2_589.csv,VAUWFJAG,2011-08-28 15:12:01,2011-08-28 16:45:01
3,1,r3_1_638.csv,02HIU9QX,2011-08-30 09:00:25,2011-08-30 09:11:25
6,2,r6_2_551.csv,ACONBAFX,2011-08-30 22:58:40,2011-08-31 00:02:40
4,1,r4_1_906.csv,GW7W88UQ,2011-08-31 09:02:58,2011-08-31 09:15:58
3,3,r3_3_747.csv,OY89S52K,2011-08-31 15:51:55,2011-08-31 16:45:55
3,3,r3_3_456.csv,F9B2PAGC,2011-08-31 20:26:39,2011-08-31 20:39:39
5,1,r5_1_828.csv,W1DPMEOF,2011-08-31 21:12:45,2011-08-31 22:44:45
2,1,r2_1_786.csv,4BIS6LWQ,2011-08-31 22:25:17,2011-08-31 22:50:17
3,1,r3_1_98.csv,MVDUGMZO,2011-08-31 23:55:09,2011-09-01 00:06:09
3,2,r3_2_493.csv,51DW0P45,2011-09-01 07:15:36,2011-09-01 07:49:36
6,1,r6_1_506.csv,GELIQIJ6,2011-09-02 12:02:51,2011-09-02 13:07:51
6,1,r6_1_243.csv,VREO86QH,2011-09-05 04:52:59,2011-09-05 04:59:59
4,1,r4_1_335.csv,KLLGDS6K,2011-09-05 07:51:52,2011-09-05 09:40:52
2,2,r2_2_528.csv,QCAM6QOD,2011-09-07 16:34:08,2011-09-07 17:32:08
3,2,r3_2_346.csv,43O74TV8,2011-09-08 18:47:44,2011-09-08 20:13:44
6,3,r6_3_313.csv,HC3J99NI,2011-09-08 18:52:42,2011-09-08 20:10:42
5,3,r5_3_198.csv,FUVCMBWB,2011-09-09 09:13:04,2011-09-09 09:55:04
6,1,r6_1_536.csv,1S0G7TGM,2011-09-10 10:03:37,2011-09-10 10:24:37
2,2,r2_2_802.csv,LR1MQ7K2,2011-09-10 16:42:46,2011-09-10 17:55:46
5,1,r5_1_999.csv,V9L3ZWQW,2011-09-11 07:15:45,2011-09-11 08:09:45
4,2,r4_2_598.csv,POW277R5,2011-09-12 03:42:39,2011-09-12 05:41:39
5,1,r5_1_950.csv,B4EHKHS5,2011-09-13 07:37:03,2011-09-13 07:47:03
4,1,r4_1_593.csv,FI92ZHR6,2011-09-14 05:53:58,2011-09-14 06:27:58
4,2,r4_2_201.csv,44U8ZD44,2011-09-14 13:57:34,2011-09-14 14:25:34
5,3,r5_3_588.csv,O1COLP6Z,2011-09-14 19:31:35,2011-09-14 20:10:35
3,2,r3_2_478.csv,QBLMZU3A,2011-09-15 18:10:11,2011-09-15 19:31:11
3,2,r3_2_978.csv,5VUJBDQJ,2011-09-15 20:04:35,2011-09-15 21:57:35
3,2,r3_2_600.csv,FUIJA3JL,2011-09-16 09:34:48,2011-09-16 10:56:48
5,1,r5_1_527.csv,W20OHD6H,2011-09-16 14:08:38,2011-09-16 15:29:38
4,1,r4_1_896.csv,4CCCOUJW,2011-09-17 18:41:30,2011-09-17 18:58:30
4,1,r4_1_129.csv,I04CBQKW,2011-09-17 20:28:42,2011-09-17 22:05:42
2,2,r2_2_148.csv,81IY4F2Q,2011-09-18 19:37:42,2011-09-18 20:29:42
2,3,r2_3_634.csv,GZ9F57QC,2011-09-19 08:25:33,2011-09-19 08:46:33
4,2,r4_2_131.csv,4N1UFDKZ,2011-09-19 10:35:48,2011-09-19 11:35:48
6,3,r6_3_552.csv,82N882UD,2011-09-19 21:50:36,2011-09-19 22:41:36
3,3,r3_3_599.csv,WPTJPHO1,2011-09-21 11:38:31,2011-09-21 11:39:31
2,3,r2_3_173.csv,7SDYCS42,2011-09-22 15:58:34,2011-09-22 16:07:34
4,1,r4_1_140.csv,H5BH4YY0,2011-09-22 22:16:22,2011-09-22 23:30:22
2,1,r2_1_286.csv,O68LENVQ,2011-09-23 16:05:21,2011-09-23 16:30:21
5,2,r5_2_996.csv,ZDPJ9H7T,2011-09-24 18:16:31,2011-09-24 19:27:31
2,1,r2_1_513.csv,KKD91BJC,2011-09-25 11:17:35,2011-09-25 12:31:35
6,2,r6_2_763.csv,T2BKQEZ3,2011-09-25 23:14:28,2011-09-26 01:06:28
2,3,r2_3_600.csv,7E7PMQCL,2011-09-26 13:32:42,2011-09-26 13:48:42
6,2,r6_2_191.csv,FXEXPWA7,2011-09-27 05:06:38,2011-09-27 06:33:38
6,1,r6_1_377.csv,EZTS88FC,2011-09-28 09:08:07,2011-09-28 10:24:07
2,3,r2_3_272.csv,CDMUVDB6,2011-09-29 03:24:52,2011-09-29 04:20:52
3,2,r3_2_158.csv,QB5PH8S7,2011-09-29 14:47:21,2011-09-29 16:12:21
3,2,r3_2_854.csv,1PEBLYR5,2011-09-30 09:03:24,2011-09-30 10:23:24
5,3,r5_3_309.csv,7U3EX2JL,2011-10-01 09:39:04,2011-10-01 10:24:04
2,2,r2_2_351.csv,85IRRM5S,2011-10-01 18:13:14,2011-10-01 19:41:14
6,2,r6_2_431.csv,I8CH3S4W,2011-10-01 19:53:19,2011-10-01 21:43:19
6,2,r6_2_397.csv,DA12KC4B,2011-10-01 20:31:37,2011-10-01 21:04:37
2,3,r2_3_117.csv,B2O36KLO,2011-10-02 14:26:26,2011-10-02 15:45:26
4,1,r4_1_145.csv,TFS8HL3O,2011-10-03 14:50:35,2011-10-03 16:12:35
5,1,r5_1_297.csv,CYUEBYM1,2011-10-04 06:06:13,2011-10-04 06:36:13
5,2,r5_2_947.csv,E0ET4Y7K,2011-10-06 20:03:39,2011-10-06 20:09:39
5,2,r5_2_421.csv,7D9ISX13,2011-10-07 20:44:43,2011-10-07 21:12:43
6,2,r6_2_819.csv,BBK3I1LJ,2011-10-08 16:33:59,2011-10-08 17:17:59
3,1,r3_1_185.csv,1FH3LDJV,2011-10-10 06:05:19,2011-10-10 06:40:19
6,1,r6_1_242.csv,660ZVZ41,2011-10-10 18:16:39,2011-10-10 20:00:39
4,3,r4_3_1.csv,O4M1TZNJ,2011-10-11 07:12:00,2011-10-11 08:42:00
4,2,r4_2_551.csv,X3675AHA,2011-10-12 02:26:16,2011-10-12 04:09:16
5,3,r5_3_360.csv,U5A5D92G,2011-10-12 23:23:21,2011-10-12 23:55:21
5,1,r5_1_992.csv,6LT4Q5NG,2011-10-13 02:14:22,2011-10-13 02:36:22
5,3,r5_3_993.csv,LZVE7PWK,2011-10-13 03:54:37,2011-10-13 04:26:37
5,2,r5_2_990.csv,J9NPQ3YR,2011-10-14 01:51:22,2011-10-14 02:51:22
2,3,r2_3_350.csv,FMCXZDPM,2011-10-15 08:34:03,2011-10-15 09:33:03
2,1,r2_1_980.csv,CJHIRB88,2011-10-16 20:09:52,2011-10-16 21:47:52
2,3,r2_3_775.csv,47ZU6XZ9,2011-10-17 22:56:12,2011-10-18 00:04:12
3,2,r3_2_887.csv,6FWEO2D6,2011-10-18 07:32:23,2011-10-18 07:35:23
3,2,r3_2_483.csv,4ZB3JJ6S,2011-10-18 13:48:52,2011-10-18 15:37:52
5,2,r5_2_793.csv,2AOKK4DU,2011-10-19 09:48:41,2011-10-19 11:47:41
6,1,r6_1_567.csv,ZV6F8U3J,2011-10-19 11:28:33,2011-10-19 12:40:33
4,3,r4_3_861.csv,0YHR54JF,2011-10-21 18:36:42,2011-10-21 19:43:42
2,3,r2_3_856.csv,QRUT23SB,2011-10-21 22:42:57,2011-10-21 23:06:57
5,2,r5_2_557.csv,4148XLR8,2011-10-22 11:32:30,2011-10-22 13:10:30
3,3,r3_3_411.csv,0LL3X7BG,2011-10-23 03:46:31,2011-10-23 05:11:31
3,3,r3_3_804.csv,8U4MT7KF,2011-10-25 08:22:55,2011-10-25 08:49:55
4,1,r4_1_421.csv,YZD187TY,2011-10-25 17:56:25,2011-10-25 19:13:25
4,1,r4_1_766.csv,VPZBRZ2Y,2011-10-26 21:12:52,2011-10-26 21:18:52
2,2,r2_2_388.csv,4RLDTY8B,2011-10-27 19:56:06,2011-10-27 20:57:06
6,1,r6_1_839.csv,5UB8G0P0,2011-10-28 04:45:46,2011-10-28 05:28:46
6,1,r6_1_905.csv,XGUUL59L,2011-10-29 22:41:01,2011-10-30 00:24:01
4,3,r4_3_13.csv,6B1Y52J8,2011-10-30 10:37:00,2011-10-30 10:51:00
4,3,r4_3_105.csv,DIXQ3P1W,2011-10-31 12:00:04,2011-10-31 12:27:04
2,1,r2_1_329.csv,FRY7S6OC,2011-11-01 08:44:16,2011-11-01 08:45:16
6,1,r6_1_425.csv,YEO5Q9NE,2011-11-03 15:43:11,2011-11-03 16:39:11
6,2,r6_2_336.csv,1HO3C9L5,2011-11-03 17:27:35,2011-11-03 18:04:35
6,2,r6_2_664.csv,9Z33ELT9,2011-11-03 21:15:21,2011-11-03 21:34:21
6,1,r6_1_582.csv,ZCWRZJ0G,2011-11-04 02:10:59,2011-11-04 02:25:59
6,3,r6_3_84.csv,LWSLZ836,2011-11-04 19:10:03,2011-11-04 19:47:03
2,2,r2_2_500.csv,L7TVN969,2011-11-07 01:09:03,2011-11-07 02:46:03
2,1,r2_1_328.csv,8GT8YFZB,2011-11-07 20:45:12,2011-11-07 21:52:12
3,3,r3_3_624.csv,XKXLQ7G4,2011-11-08 19:27:41,2011-11-08 20:41:41
6,3,r6_3_880.csv,TUSWO9KJ,2011-11-08 19:43:41,2011-11-08 20:55:41
5,3,r5_3_417.csv,E6QLY7YP,2011-11-09 02:20:55,2011-11-09 04:18:55
6,3,r6_3_469.csv,NS4HX1QO,2011-11-09 17:22:26,2011-11-09 17:46:26
2,2,r2_2_805.csv,V88KUYGD,2011-11-09 22:10:59,2011-11-09 23:05:59
6,1,r6_1_720.csv,SJ1KMFN8,2011-11-09 22:12:35,2011-11-09 23:48:35
5,1,r5_1_83.csv,PN1BZF7N,2011-11-09 22:50:43,2011-11-09 22:51:43
3,2,r3_2_505.csv,GSWB64UV,2011-11-10 10:48:37,2011-11-10 11:07:37
3,2,r3_2_34.csv,0VQC49GY,2011-11-10 16:28:29,2011-11-10 18:13:29
2,1,r2_1_202.csv,JG4O1FVJ,2011-11-10 16:56:18,2011-11-10 17:18:18
5,2,r5_2_729.csv,VNKMA8HV,2011-11-10 20:35:15,2011-11-10 20:43:15
2,1,r2_1_38.csv,AOOFSWCZ,2011-11-11 15:52:17,2011-11-11 16:46:17
4,2,r4_2_702.csv,TKJHIM39,2011-11-12 01:35:17,2011-11-12 02:12:17
6,1,r6_1_968.csv,TMKI84TP,2011-11-13 16:07:31,2011-11-13 16:50:31
3,1,r3_1_355.csv,23QDD18S,2011-11-14 15:25:37,2011-11-14 16:43:37
3,2,r3_2_728.csv,J9QZ5QTG,2011-11-14 20:26:49,2011-11-14 20:44:49
5,2,r5_2_13.csv,PGRAAP10,2011-11-14 22:55:18,2011-11-14 23:32:18
3,3,r3_3_514.csv,J7CW8BYE,2011-11-17 05:09:31,2011-11-17 05:47:31
5,2,r5_2_287.csv,3WFLEXSL,2011-11-17 19:43:52,2011-11-17 20:00:52
6,3,r6_3_413.csv,R85C23BR,2011-11-18 02:59:17,2011-11-18 04:43:17
4,3,r4_3_300.csv,1XORI5J6,2011-11-19 07:34:23,2011-11-19 07:49:23
3,1,r3_1_103.csv,7RB1MZ8Y,2011-11-19 10:09:14,2011-11-19 10:49:14
2,1,r2_1_927.csv,F8HEALLQ,2011-11-21 11:58:08,2011-11-21 13:42:08
6,1,r6_1_762.csv,S1KQB7XR,2011-11-21 22:30:45,2011-11-21 22:52:45
5,2,r5_2_885.csv,869JM8AF,2011-11-22 05:39:29,2011-11-22 06:08:29
4,2,r4_2_221.csv,BNQZL5N7,2011-11-23 00:12:33,2011-11-23 00:31:33
5,2,r5_2_960.csv,DM169WKT,2011-11-24 05:04:20,2011-11-24 05:51:20
2,1,r2_1_391.csv,426JQFS7,2011-11-24 07:04:41,2011-11-24 08:24:41
6,3,r6_3_636.csv,TEXFR3AU,2011-11-24 17:22:45,2011-11-24 18:03:45
4,2,r4_2_234.csv,MG30SAK5,2011-11-24 20:37:32,2011-11-24 20:58:32
5,2,r5_2_963.csv,S0UX680U,2011-11-26 02:43:33,2011-11-26 04:26:33
6,1,r6_1_80.csv,AEDNWZRM,2011-11-26 07:30:09,2011-11-26 08:13:09
2,3,r2_3_846.csv,NTTM3F31,2011-11-29 03:37:40,2011-11-29 04:25:40
5,1,r5_1_586.csv,EX8ACVUG,2011-11-29 15:21:47,2011-11-29 15:49:47
5,1,r5_1_426.csv,LEIRFPCM,2011-11-29 21:20:43,2011-11-29 21:22:43
2,1,r2_1_194.csv,6Y4AFHD9,2011-11-30 23:31:34,2011-12-01 00:45:34
5,2,r5_2_372.csv,NJVPA6YM,2011-12-01 11:27:55,2011-12-01 13:07:55
4,3,r4_3_856.csv,5TTTL2HY,2011-12-02 16:42:29,2011-12-02 17:17:29
4,1,r4_1_215.csv,8ARRA38O,2011-12-03 12:04:26,2011-12-03 13:34:26
4,1,r4_1_39.csv,F81APL3X,2011-12-03 15:26:39,2011-12-03 16:17:39
3,1,r3_1_627.csv,TKPR6FWE,2011-12-04 03:48:58,2011-12-04 04:59:58
6,1,r6_1_579.csv,AAFJDXAG,2011-12-05 00:23:10,2011-12-05 00:36:10
4,3,r4_3_3.csv,03HA4F1T,2011-12-06 02:12:35,2011-12-06 03:27:35
2,1,r2_1_774.csv,RIZUKMIC,2011-12-06 17:22:48,2011-12-06 17:57:48
2,2,r2_2_302.csv,GVERGHB3,2011-12-09 15:36:40,2011-12-09 15:39:40
3,3,r3_3_981.csv,VZMHTE1M,2011-12-10 01:36:26,2011-12-10 03:20:26
3,1,r3_1_605.csv,778NXIZN,2011-12-10 10:02:31,2011-12-10 12:00:31
5,1,r5_1_69.csv,E5AW2UQ8,2011-12-11 18:49:27,2011-12-11 20:29:27
4,1,r4_1_384.csv,THCIYTUJ,2011-12-12 00:31:57,2011-12-12 02:27:57
4,3,r4_3_177.csv,K261MW9U,2011-12-12 12:43:19,2011-12-12 13:31:19
4,2,r4_2_445.csv,6T158C56,2011-12-12 23:01:39,2011-12-13 00:23:39
2,1,r2_1_807.csv,Z6XF7FD9,2011-12-14 12:05:39,2011-12-14 13:36:39
6,2,r6_2_28.csv,J9FBVCAS,2011-12-14 17:22:26,2011-12-14 18:10:26
4,2,r4_2_422.csv,RLURI1SP,2011-12-15 02:08:46,2011-12-15 03:45:46
2,2,r2_2_861.csv,12P1VSVP,2011-12-15 16:03:49,2011-12-15 16:04:49
5,2,r5_2_502.csv,MNH6WYPO,2011-12-18 06:16:43,2011-12-18 08:11:43
5,1,r5_1_568.csv,YKS5MQVI,2011-12-19 02:08:08,2011-12-19 02:39:08
4,2,r4_2_393.csv,05PJH7OH,2011-12-20 14:23:16,2011-12-20 14:38:16
3,3,r3_3_465.csv,SNVPDEKW,2011-12-21 08:12:19,2011-12-21 09:43:19
5,3,r5_3_459.csv,Y4NRQ2C2,2011-12-21 08:24:30,2011-12-21 09:47:30
5,3,r5_3_883.csv,C8AMBKLZ,2011-12-22 06:25:17,2011-12-22 08:03:17
5,3,r5_3_749.csv,9W68MNY2,2011-12-22 09:11:00,2011-12-22 10:21:00
6,2,r6_2_689.csv,AKA6YG7M,2011-12-22 14:47:14,2011-12-22 15:37:14
6,2,r6_2_766.csv,FBAM659S,2011-12-22 19:14:58,2011-12-22 19:24:58
4,3,r4_3_517.csv,GDLV66H5,2011-12-22 23:14:33,2011-12-23 00:04:33
5,3,r5_3_135.csv,H349WO78,2011-12-24 02:30:02,2011-12-24 02:48:02
2,2,r2_2_580.csv,VAYUPGYX,2011-12-25 10:16:11,2011-12-25 11:13:11
2,3,r2_3_802.csv,1DFCCHKI,2011-12-26 05:44:31,2011-12-26 07:30:31
2,3,r2_3_668.csv,0SRPEL88,2011-12-27 02:22:17,2011-12-27 03:31:17
3,3,r3_3_408.csv,G8F7YMR3,2011-12-29 00:30:40,2011-12-29 00:44:40
3,1,r3_1_638.csv,59AS1O4A,2011-12-29 08:35:08,2011-12-29 10:20:08
6,2,r6_2_881.csv,DADISA5W,2011-12-29 13:45:38,2011-12-29 15:01:38
5,2,r5_2_621.csv,B1BVJB6Y,2011-12-29 17:15:57,2011-12-29 17:42:57
4,3,r4_3_507.csv,2WG4KVBS,2011-12-29 20:41:29,2011-12-29 21:41:29
